text,category
बेंगलुरू अप्रैल कर्नाटक राजनीति शुक्रवार तूफान आया ठेकेदार संतोष पाटिल कथित आत्महत्या उपजे विवाद कर्नाटक मंत्री ईश्वरप्पा राज्य मंत्रिमंडल इस्तीफा दे कर्नाटक मंत्री केएस ईश्वरप्पा मुख्यमंत्री बसवराज बोम्मई आवास पहुंच उन्‍हें इस्तीफा सौंप कांग्रेस मुद्दा उठाकर कर्नाटक भाजपा बड़ी समस्‍या डाल क्योंकि ठेकेदार प्रभावशाली लिंगायत जाति लिंगायत समाज बीजेपी समर्थन ईश्‍वरप्‍पा इस्‍तीफा भाजपा आलाकमान डैमेज कंट्रोल है़ ईश्वरप्पा कुरुबा समर्थन आधार जेकर बीजेपी मुश्किल खड़ी ओबीसी जाति आते कांग्रेस नेता सिद्धरमैया कुरुबा जाति नेता समर्थन प्राप्त बोम्मई ईश्वरप्पा मुकाबला पर्याप्त मजबूत नहीं आलाकमान मामले हस्तक्षेप बता दें चुनाव कर्नाटक विधानसभा चुनाव साल बचे मृतक ठेकेदार परिवार ईश्वरप्पा गिरफ्तारी चाहता मामला जल्‍द राजनीतिक मुद्दे बदलता oneindiacomकर्नाटक बोम्मई सरकार मंत्री ईश्वरप्पा इस्तीफा ठेकेदार मौत मामले आरोप,politics
बिहार कांग्रेस अध्यक्ष मोहन झा इस्तीफे कांग्रेस सेनापति तलाश शुरू अध्यक्ष चर्चा बाजार कांग्रेस दौर सेनापति कमान सौंपने तैयारी सामाजिक समीकरण साधा जाए गठबंधन दौर हैसियत घटे वैसे माना कांग्रेस आलाकमान मुद्दे चौंकाने वाला फैसला ले कांग्रेस अध्यक्ष नाम चर्चा नाम रेस काफी कन्हैया चेहरा जाना पहचाना हालाकि सूत्रों कहना कन्हैया अध्यक्ष बनना इतना आसान नहीं कांग्रेस वरिष्ठ नेता कन्हैया स्वीकार करेंगे आसार कन्हैया अध्यक्ष बनना आसान नहीं सूत्र बताते अध्यक्ष बनने दौड़ कुटुंबा विधायक विधायक राजेश राम पूर्व सांसद रंजीता रंजन राज्यसभा सांसद अखिलेश सिंह वैसे विजय शंकर दुबे रेस बताए बार ब्राह्मण अध्यक्ष बनें संभावना सूत्रों कहना कांग्रेस बिहार सवर्णों राजनीति करती कांग्रेस बार सवर्ण अध्यक्ष बनाकर सवर्णों साधने कोशिश करेगी राज्यसभा सांसद अखिलेश सिंह कन्हैया कुमार भूमिहार जाति आते तर्क सवर्ण अध्यक्ष हटने कांग्रेस राजेश राम अध्यक्ष बनाकर दलित मतदाताओं साधने कोशिश वैसे नाम कांग्रेस फूट दिखाई दे नाम नहीं कांग्रेस नाराजगी देखने नहीं मिले वरिष्ठ कांग्रेस नेताओं तर्क बिहार कांग्रेस कमान नेता दी जाए जनता पसंद बहरहाल बिहार कांग्रेस अध्यक्ष इतना अध्यक्ष बने राह आसान नहीं रहने वाली अध्यक्ष बनते विरोधी खेमा तैयार जाएगा माना कांग्रेस आलाकमान अध्यक्ष फैसला चौंकाने वाला हैBihar मिलेगा नया सेनापति कन्हैया कुमार नाम चर्चा,politics
नयी दिल्ली अप्रैल भाषा आदमी पार्टी नेता आतिशी शुक्रवार भारतीय जनता पार्टी गुंडों बलात्कारियों पार्टी बताया गौरतलब मुख्यमंत्री अरविंद केजरीवाल आवास हमला आरोप गिरफ्तार युवा मोर्चा कार्यकर्ताओं भाजपा सम्मानित संवाददाता सम्मेलन संबोधित कालकाजी विधायक आतिशी लोगों माला पहनाकर सम्मान देकर भाजपा असली चेहरा दिखाया भाजपा दिल्ली इकाई अध्यक्ष आदेश गुप्ता बृहस्पतिवार भारतीय जनता युवा मोर्चा बीजेवाईएम कार्यकर्ताओं पार्टी कार्यालय सम्मानित कार्यकर्ता मार्च केजरीवाल आवास कथित रूप हमला मामले जेल हाल जमानत दिल्ली उच्च न्यायालय सप्ताह शुरुआत कार्यकर्ताओं जमानत दे दी आतिशी आरोप लगाया युवा मोर्चा कार्यकर्ताओं सम्मानित करके भाजपा दिखा गुंडों लुच्चों लफंगों सम्मान करती विधायक करके उन्होंने भाजपा देशभर कार्यकर्ताओं संदेश पार्टी लोगों बढ़ावा देगी तोड़फोड़ छेड़खानी करेंगे आतिशी गुंडागर्दी बढ़ावा देना भाजपा डीएनए विधायक भाजपा भारतीय गुंडा पार्टी गुंडों बलात्कारियों छेड़खानी वालों पार्टी आतिशी भाजपा नेताओं सम्मान करती बढ़ावा देती सरकार कैबिनेट मंत्री देकर सम्मान देती भाषा अर्पणा उमा उमा ‘भाषा’ न्यूज़ एजेंसी ‘ऑटोफीड’ ली कंटेट दिप्रिंट जिम्मेदार नहीं हैगुंडों बलात्कारियों पार्टी भाजपा विधायक आतिशी,politics
मुख्यमंत्री नीतीश कुमार सीएम आवास इफ्तार पार्टी आयोजन पार्टी पक्ष विपक्ष नेता शामिल पहुंचे पटना सीएम नीतीश कुमार मुख्यमंत्री आवास अर्णे मार्ग इफ्तार पार्टी आयोजन साल मुख्यमंत्री आवास इफ्तार पार्टी दी पार्टी पक्ष विपक्ष नेताओं आमंत्रित मुस्लिम समाज प्रमुख लोगों इफ्तार दावत दी लोग सीएम इफ्तार पार्टी शामिल पहुंचे बीजेपी प्रदेश अध्यक्ष संजय जायसवाल पूर्व मुख्यमंत्री जीतन राम मांझी उद्योग मंत्री शाहनवाज हुसैन मंत्री नितिन नवीन सहित बडे़ नेता मुख्यमंत्री आवास आयोजित इफ्तार पार्टी शामिल पहुंचे विपक्षी नेताओं आरजेडी पूर्व प्रदेश अध्यक्ष रामचंद्र पूर्वे कांग्रेस शकील खान सीएम आवास पहुंचे जदयू मंत्री इफ्तार पार्टी शामिल बीजेपी सांसद रामकृपाल यादव पार्टी पहुंचे पढ़ें सीएम नीतीश आवास इफ्तार पार्टी दावत शामिल होंगे दिग्गज नेता ऐसी सीएम इफ्तार पार्टी इफ्तार पार्टी नॉनवेज वेज व्यवस्था विशेष रूप कारीगरों बुलाया अधिक कारीगरों इफ्तार शाकाहारी मांसाहारी भोजन बनाया कदमकुंआ कारीगरों टीम बुलाया पंडाल विशेष व्यवस्था लोगों टीम सीएम हाउस काम सुरक्षा पुख्ता इंतजाम इफ्तार आने लोगों सुरक्षा पूरी जांच पड़ताल सीएम आवास एंट्री दी साल लगातार कोरोना कारण मुख्यमंत्री आवास इफ्तार पार्टी आयोजन नहीं साल कोरोना नियंत्रण मुख्यमंत्री इफ्तार पार्टी आयोजन फैसला मुख्यमंत्री आयोजन निगरानी बिहार मुख्य सचिव आमिर सुबहानी शुरू आयोजन महत्वपूर्ण भूमिका निभाते मुख्यमंत्री आमिर सुबहानी जिम्मेदारी देते जमा खान इफ्तार पार्टी शामिल सीएम बता दें बिहार सरकार अल्पसंख्यक कल्याण मंत्री जमा खान अप्रैल सरकारी आवास इफ्तार पार्टी आयोजन मुख्यमंत्री नीतीश कुमार सहित लोग शामिल इफ्तार पार्टी बौद्ध भिक्षु शामिल उन्होंने सीएम भगवान बुद्ध तस्वीर भेंट स्वागत अल्पसंख्यक कल्याण मंत्री जमा खान आवास इफ्तार रोजे नमाज अदा अप्रैल शुरू पाक महीनाः आपको बता दें रमजान पाक महीना अप्रैल शुरू शनिवार अप्रैल चांद देखे रविवार रोजा रखने ऐलान सियासी गलियारों इफ्तार दावत शुरू उद्योग मंत्री शाहनवाज हुसैन सुपौल इफ्तार शरीक अल्पसंख्यक कल्याण मंत्री जमा खान आवास इफ्तार पार्टी रखी सीएम नीतीश कुमार शरीक पढ़ें उद्योग मंत्री शाहनवाज हुसैन खोला पहला रोजा मांगी दुआ सबका रोजा कबूल होCM नीतीश इफ्तार पार्टी शामिल पहुंचे नेता पक्ष विपक्ष लगा जमावड़ा,politics
दिप्रिंट संपादकों चयनित कार्टून प्रकाशनों प्रकाशित चुके प्रिंट मीडिया ऑनलाइन सोशल मीडिया फीचर कार्टून प्रसाद दिल्ली पुलिस हलफनामे निशाना साधा उसने सुप्रीम कोर्ट बताया दिसंबर राजधानी धर्म संसद मुस्लिम समुदाय बयान नहीं मध्य प्रदेश खरगोन अवैध घरों बुलडोज़र तोड़ने तंज मंजुल वो संविधान मूल्यों संदीप अध्वर्यू दिल्ली हाई कोर्ट पिछले महीने फैसले निशाना साध चेहरे हंसी जाए अपराध नहीं माना कीर्तीश भट्ट भारतीय राजनेताओं तंज आंबेडकर विरासत जश्न मना भारतीय संविधान लिखे मूल्यों बिल्कुल ध्यान नहीं देते महाराष्ट्र बिजली कारण पैदा संकट चित्रित आलोक निरंतर शिवसेना सांसद संजय राउत संपत्ति ईडी कार्रवाई निशाना साध भारत पूर्व प्रधानमंत्रियों कार्यकाल उपलब्धियों विवादों पेश प्रधानमंत्री संग्रहालय निशाना साध सतीश आचार्य कार्टून्स अंग्रेज़ी देखने क्लिक करेंआंबेडकर जयंती बाबा साहेब बनाम बुलडोज़र संविधान बेरुखी,politics
विपक्षियों भाषा जवाब देगी योगी सरकार संवाद सहयोगी बिधूना औरैया विधानसभा चुनाव विपक्षी सन्यासी भेजने जवाब प्रचंड बहुमत योगी सरकार दोबारा बनाकर लोकतंत्र मुख्यमंत्री लट्ठ बजाने काम करेंगे विपक्षियों भाषा जवाब मिलेगा शुरू चुका शुक्रवार बिधूना रामलीला मैदान आयोजित भारतीय जनता पार्टी 42वें स्थापना दिवस आयोजित कार्यक्रम बातें सपा संरक्षक मुलायम सिंह यादव छोटी बहू भाजपा नेता अपर्णा यादव कही उन्होंने यादव बहू हूं मैंने परिवार नहीं छोड़ा सिर्फ राष्ट्रवाद पार्टी छोड़ी स्थापना दिवस रामलीला मैदान कार्यक्रम आयोजित मुख्य अतिथि बतौर भाजपा नेता अपर्णा यादव कन्नौज भाजपा सांसद सुब्रत पाठक मौजूद अपर्णा मंच संभालते कार्यकर्ताओं समर्थकों संबोधित भाजपा सरकार काम नहीं विपक्षियों मंसूबों जनता चुकी विधानसभा भारी मतों योगी जी दोबारा मुख्यमंत्री कुर्सी दी उन्होंने विपक्ष शब्दों प्रहार योगी सरकार नीतियों जनता खुश जनकल्याणकारी योजनाओं लाभ मिला भूमाफिया शांति व्यवस्था बिगाड़ने वालों कार्रवाई बेटियों महिलाओं सुरक्षा शिक्षा अलावा क्षेत्र सरकार कार्य सराहनीय भाजपा नेता पूर्व मुख्यमंत्री मुलायम सिंह यादव साढ़ू प्रमोद गुप्ता जिलाध्यक्ष श्रीराम मिश्रा सांसद प्रतिनिधि रिया शाक्य गोविंद भदौरिया रामपाल भदौरिया रघुराज शाक्य गुड्डू वर्मा राजेश चौहान अनिल शुक्ला सतीश चंद्र गोयल पार्टी कार्यकर्ता मौजूद रहेविपक्षियों भाषा जवाब देगी योगी सरकार,politics
बिहार पूर्व सीएम जीतन राम मांझी राम भगवान नहीं तुलसीदासवाल्मीकि किरदार कहने बनाया अच्छी चीजें सम्मान तुलसीदासवाल्मीकि सम्मान हूं राम नहीं राम भगवान नहीं जीतन राम मांझी,politics
पत्थलगांवनईदुनिया न्यूज भाजपा विधानसभा चुनावों तैयारी शुरू दी कुनकुरी मंगल रखी जिलास्तरीय बैठक मद्देनजर निर्णय सरकार विफलताओं उजागर भाजयुमो कार्यकर्ताओं आगामी विरोध प्रदर्शन धरना प्रदर्शन घेराव योजना तैयार भारतीय जनता युवा मोर्चा जशपुर जिला कार्यसमिति बैठक कुनकुरी रखी जिला पंचायत उपाध्यक्ष उपेन्द्र यादवप्रदेश कार्यकारणी सदस्य नितिन रायजिला अध्यक्ष युवा मोर्चा शर्माजिला उपाध्यक्ष युवा मोर्चा शौर्य प्रताप जूदेवजिलामहामंत्री युवा मोर्चा अवधेश गुप्ता जिला उपाध्यक्ष गोपाल कश्यप उपस्थिति आयोजित बैठक जिला कार्यकारिणी सदस्य मण्डलों अध्यक्ष महामंत्री मौजूद बैठक जिला कार्यकारिणी आगामी कार्यक्रमों विस्तृत जानकारी युवा मोर्चा कार्यकर्ताओं दी मण्डल अध्यक्ष जिला कार्यकारिणी समक्ष कार्यों लेखाजोखा प्रस्तुत वाली विधानसभा चुनाव तैयारियों चर्चा विधानसभा बड़े तहसील घेराव रूपरेखा तैयार जिले कलेक्टर कार्यालय घेराव रूप रेखा बनाई अलावा प्रदेश बड़े धरना प्रदर्शन बड़ी संख्या उपस्थिति दर्ज कराने योजना बनाई उक्ताशय जानकारी देते भाजयुमो जिला महामंत्री अवधेश गुप्ता बताया बैठक भाजपा सरकार बनाने संकल्प अनुक्रम बैठक उपस्थित वरिष्ठ नेताओं कार्यकर्ताओं मार्गदर्शन उन्होंने प्रदेश भूपेश बघेल सरकार पूरी निकम्मी साबित शासकीय योजना भ्रष्टाचार भर्राशाही शिकार कांग्रेसी केवल केंद्र सरकार योजनाओं फीता काटकर वाहवाही लूटने लगे कहना लोगों एहसास चुका चुनाव निकट चुका देखते वरिष्ठ नेताओं भाजपा कार्यकर्ताओं योजनाबद्ध तरीके तालमेल बनाकर कार्य निर्देशित भाजयुमो कार्यकर्ता कसौटी खरे उतरेंगेसत्ता वापसी भाजपा कसी कमरबैठक बनाई आंदोलन रणनीति,politics
ईश्वरप्पा मेरे आरोप लगाया मुझे इससे बेदाग आना नहीं जांच जारी रहने मंत्री बना रहता हूं महसूस होगा उसको प्रभावित हूं इस्तीफे कर्नाटक ग्रामीण विकास पंचायत राज मंत्री ईश्वरप्पा शुक्रवार समर्थकों पार्टी कार्यकर्ताओं साजिश लगाए आरोपों बेगुनाह साबित होकर निकलेंगे निश्चित रूप दोबारा मंत्री बनेंगे ईश्वरप्पा पुलिस ठेकेदार संतोष पाटिल आत्महत्या उकसाने मामला दर्ज मंत्री मुख्यमंत्री बसवराज बोम्मई इस्तीफा सौंपेंगे ईश्वरप्पा मेरे आरोप लगाया मुझे इससे बेदाग आना नहीं जांच जारी रहने मंत्री बना रहता हूं महसूस होगा उसको प्रभावित हूं मंत्री इस्तीफा दे हूं आपको बता हूं निर्दोष निकलूंगा निश्चित रूप बार मंत्री बनूंगा उन्होंने बात समर्थकों पार्टी कार्यकर्ताओं बताई बेंगलुरू रवाना उनसे इस्तीफा नहीं देने नारे लगा राजनीतिक हंगामे ईश्वरप्पा बृहस्पतिवार शाम मंत्री रूप इस्तीफे घोषणा पार्टी कार्यकर्ता दुखी रो इस्तीफा दें उन्होंने पत्रकारों बात उन्होंने समर्थकों स्पष्ट रूप बताया अग्नि परीक्षा आरोप लगाया लोगों विरुद्ध षड्यन्त्र रचा उन्होंने मैंने उनसे पूछा मुझे आरोपों बेदाग निकलना नहीं उन्होंने मुझे बेदाग निकलना हमारे कार्यकर्ताओं वरिष्ठों स्वामीजी आशीर्वाद मुझे भरोसा साजिश बेदाग निकलूंगा उन्होंने शाम मुख्यमंत्री बोम्मई इस्तीफा सौंप जून शुरू होगी अमरनाथ यात्रा रखी जाएगी पैनी जानिये बार खासनिर्दोष साबित बार मंत्री बनूंगा इस्तीफे बोले,politics
प्रधानमंत्री नरेंद्र मोदी वियतनाम कम्युनिस्ट पार्टी महासचिव गुयेन फु ट्रोंग यूक्रेन संकट दक्षिण चीन सागर स्थिति सहित साझा हित क्षेत्रीय वैश्विक मुद्दों टेलीफोन बातचीत विदेश मंत्रालय मिली सूचना मुताबिक नेताओं यूक्रेन संकट जल्द समाप्त तरीकों बातचीत प्रधानमंत्री नरेंद्र मोदी गुयेन फु ट्रोंग बातचीत चीन व्यापक पड़ने संभावना इंकार नहीं हैPM नरेंद्र मोदी वियतनाम शीर्ष नेता यूक्रेन संकट बातचीत,politics
विस्तार हिमाचल प्रदेश कैबिनेट बैठक अप्रैल प्रस्तावित बैठक मुख्यमंत्री जयराम ठाकुर शुक्रवार हिमाचल दिवस चंबा घोषणाओं मंजूरी दी जाएगी बैठक ग्रामीण क्षेत्रों निशुल्क पेयजल महिलाओं सरकारी बसों किराये फीसदी छूट देने तारीख जाएगी प्रतिमाह यूनिट बिजली उपभोक्ताओं निशुल्क सप्लाई देने फैसले बैठक मंजूरी दी जाएगीकैबिनेट बैठक हिमाचल दिवस घोषणाएं होंगी मंजूर,politics
विस्तार प्रदेश कांग्रेस अध्यक्ष कुलदीप राठौर कांग्रेस देश सबसे पुरानी पार्टी इसने देश आजाद करवाने आधुनिक बनाने योगदान चुनावों पार्टियों हारजीत लगी हैशिमला प्रदेश कांग्रेस अध्यक्ष बोले उपचुनावों मिली हार भूल मुख्यमंत्री,politics
कन्नौज जागरण संवाददाता भाजपा भरपूर सम्मान मिला नीतियां जनहित भाजपा सम्मान महिलाएं सुरक्षित बात अपर्णा यादव भाजपाइयों कही शुक्रवार औरैया बिधूना निजी कार्यक्रम शामिल भाजपा अपर्णा यादव आगरालखनऊ एक्सप्रेसवे फगुआ भट्ठा टोल प्लाजा भाजपाइयों काफिला रोक भाजपा नेता सौरभ गुप्ता प्रतीक चिन्ह मांग फगुआ भट्ठा एक्सप्रेसवे पैदल यात्रियों उतरने रास्ता नहीं लिंक रोड दूरी पड़ इससे यात्री पत्थरों सहारे उतरते पत्थर फिसलकर बार यात्री घायल चुके इससे सीढ़ी निर्माण कराया जाए मांगों कराने भरोसा अपर्णा यादव भाजपा राज महिलाएं सुरक्षित भाजपा आने खुश उन्होंने योगी सरकार योजनाओं तारीफ मौके आयुष गुप्ता जितेंद्र गुप्ता गौरव दि्ववेदी समेत लोग मौजूद बिधूना पहुंचीं बिधूना रामलीला मैदान आयोजित भारतीय जनता पार्टी 42वें स्थापना दिवस आयोजित कार्यक्रम अपर्णा यादव पहुंची वहां विपक्ष कटाक्ष अपर्णा विधानसभा चुनाव विपक्षी सन्यासी भेजने जवाब प्रचंड बहुमत योगी सरकार दोबारा बनाकर लाेकतंत्र मुख्यमंत्री लट्ठ बजाने काम करेंगे विपक्षियों भाषा जवाब मिलेगा शुरू चुका सपा संरक्षक मुलायम सिंह यादव छोटी बहू भाजपा नेता अपर्णा यादव कही उन्होंने यादव बहू हूं मैंने परिवार नहीं छोड़ा सिर्फ राष्ट्रवाद पार्टी छोड़ी स्थापना दिवस रामलीला मैदान कार्यक्रम आयोजित मुख्य अतिथि बतौर भाजपा नेता अपर्णा यादव कन्नौज भाजपा सांसद सुब्रत पाठक मौजूद अपर्णा मंच संभालते कार्यकर्ताओं समर्थकों संबोधित भाजपा सरकार काम नहीं विपक्षियों मंसूबों जनता चुकी विधानसभा भारी मतों योगी जी दोबारा मुख्यमंत्री कुर्सी दी उन्होंने विपक्ष शब्दों प्रहार योगी सरकार नीतियों जनता खुश जनकल्याणकारी योजनाओं लाभ मिला भूमाफिया शांति व्यवस्था बिगाड़ने वालों कार्रवाई हैबेटियों महिलाओं सुरक्षा शिक्षा अलावा क्षेत्र सरकार कार्य सराहनीय भाजपा नेता पूर्व मुख्यमंत्री मुलायम सिंह यादव साढ़ू प्रमोद गुप्ता जिलाध्यक्ष श्रीराम मिश्रा सांसद प्रतिनिधि रिया शाक्य गोविंद भदौरिया रामपाल भदौरिया रघुराज शाक्य गुड्डू वर्मा राजेश चौहान अनिल शुक्ला सतीश चंद्र गोयल पार्टी कार्यकर्ता मौजूद रहेअपर्णा बोलीं राष्ट्र पार्टी छोड़ी परिवार नहीं भाजपा राज महिलाएं सुरक्षित विपक्षियों भाषा मिलेगा जवाब,politics
अखिल भारतीय कांग्रेस कमेटी महासचिव भंवर जितेंद सिंह मीडिया बातचीत दिन उत्तर प्रदेश यूपी विधानसभा चुनाव समीक्षा करेंगे कांग्रेस उत्तर प्रदेश लोकसभा चुनाव तैयारी शुरू दी पार्टी पदाधिकारी बूथ स्तर कार्यकर्ताओं फीडबैक ले जिसके आधार रणनीति तैयार होगी पूर्व केंद्रीय मंत्री अखिल भारतीय कांग्रेस कमेटी राष्ट्रीय महासचिव भंवर जितेंद सिंह शुक्रवार जानकारी दी मीडिया बातचीत भंवर जितेंद सिंह अगले दिन उत्तर प्रदेश विधानसभा चुनाव नतीजों समीक्षा करेंगे पार्टी वरिष्ठ पदाधिकारियों बूथ स्तर काम कार्यकर्ताओं मुलाकात जाएगी प्रतिक्रिया ली जाएगी रिपोर्ट पार्टी वरिष्ठ पदाधिकारियों सौंपेंगे भंवर जितेंद सिंह बताया पार्टी चुनाव परिणाम विशाल समीक्षा जुटी जल्द पार्टी मजबूत रणनीति काम शुरू जाएगा उन्होंने महंगाई बेरोजगारी मुद्दों आदमी जिंदगी बेहाल रखा उससे निजात कांग्रेसी दिला राष्ट्रीय महासचिव चुनाव पार्टी खराब प्रदर्शन कार्यकर्ताओं पार्टी नेता राय दे भविष्य रणनीति बात वाराणसी झांसी विभिन्न जिलों कार्यकर्ताओं बैठक होगी जिसके आलाकमान रिपोर्ट सौंपी जाएगी उन्होंने बताया प्रदेश प्रदेश अध्यक्ष घोषणा जल्द होगी उन्होंने बताया प्रदेश प्रदेश अध्यक्ष घोषणा जल्द होगी पढ़ेंहार कांग्रेस मंथन शुरू कांग्रेस नेता अशोक सिंह बोले हारे हौंसला नहीं टूटा पार्टी प्रवक्ता संजय सिंह बताया राष्ट्रीय महासचिव भंवर जितेंद सिंह शुक्रवार बाराबंकी प्रतापगढ़ अमेठी रायबरेली बहराइच उन्नाव कानपुर कानपुर देहात हरदोई सीतापुर श्रावस्ती बलरामपुर गोंडा कार्यकर्ताओं मुलाकात अप्रैल सुलतानपुर बस्ती संतकबीरनगर सिद्धार्थ महाराजगंज गोरखपुर कुशीनगर देवरिया अयोध्या अंबेडकर लखीमपुर खीरी शाहजहांपुर पीलीभीत कार्यकर्ताओं मिलेंगे अलावा सेवादल यूथ कांग्रेस महिला कांग्रेस राष्ट्रीय छात्र संगठन अल्पसंख्यक अनुसूचित जाति पिछड़ा विभाग पदाधिकारियों मुलाकात करेंगे प्रेस कॉन्फ्रेंस कांग्रेस राष्ट्रीय सचिव सत्यनारायण पटेल राजेश तिवारी मीडिया विभाग चेयरमैन नसीमुद्दीन सिद्दीकी सहित पार्टी वरिष्ठ नेता मौजूद रहेयूपी कांग्रेस शुरू लोकसभा चुनाव तैयारी,politics
दिल्ली पश्चिम बंगाल लोकसभा राज्यों चार विधानसभा सीटों उपचुनाव यानी शनिवार वोटों गिनती जाएगी सीटों मतगणना होगी उनमें पश्चिम बंगाल आसनसोल लोकसभा बालीगंज विधानसभा सीट छत्तीसगढ़ खैरागढ़ विधानसभा सीट बिहार बोचहा विधानसभा सीट महाराष्ट्र कोल्हापुर नॉर्थ विधानसभा सीट शामिल इनमें आसनसोल लोकसभा सीट कांग्रेस छोड़कर टीएमसी शामिल अभिनेता शत्रुघ्न सिन्हा चुनाव मैदान जहां मुकाबला भारतीय जनता पार्टी उम्मीदवार अग्निमित्रा पॉल मतगणना चुनाव आयोग सुरक्षा पुख्ता इंतजाम पढ़िए उपचुनाव परिणाम लाइव अपडेट्स लोकसभा विधानसभा सीटों होगी मतगणना,politics
नयी दिल्ली अप्रैल भाषा कांग्रेस शुक्रवार विशेष डिजिटल सदस्यता अभियान देश करोड़ सदस्य जोड़े पार्टी कहना देश विधानसभा क्षेत्रों बूथ डिजिटल सदस्य बनाए अभियान संपन्न सदस्यता अभियान आखिरी दिन अध्यक्ष सोनिया गांधी पार्टी डिजिटल सदस्य बनीं कांग्रेस डेटा विश्लेषण विभाग प्रमुख प्रवीण चक्रवर्ती सोनिया गांधी नाम कांग्रेस डिजिटल सदस्य तौर शामिल कांग्रेस संगठन महासचिव सी वेणुगोपाल सोनिया गांधी डिजिटल पहचान पत्र सौंपा हाल पूर्व प्रधानमंत्री मनमोहन सिंह कांग्रेस वरिष्ठ नेता पार्टी डिजिटल सदस्य बने कांग्रेस पिछले महीने विशेष सदस्यता अभियान दिनों बढ़ा अप्रैल चला कार्यक्रम मुताबिक पार्टी सदस्यता अभियान मार्च संपन्न वाला अभियान पिछले साल नवंबर आरंभ सदस्यता अभियान संपन्न कांग्रेस बयान जारी कांग्रेस पार्टी डिजिटल सदस्यता अभियान सोनिया गांधी जी डिजिटल सदस्य बनाया पिछले साल नवंबर अभियान शुरू कांग्रेस पर्व अध्यक्ष राहुल गांधी जी सबसे डिजिटल सदस्य बनने नेताओं शामिल पार्टी संगठन महासचिव केसी वेणुगोपाल खुशी बात डिजिटल सदस्यता अभियान देश लोगों खासकर युवाओं गहरी दिलचस्पी देखी अभियान बनाने जरूरी सहयोग देने पार्टी डेटा विश्लेषण विभाग प्रमुख प्रवीण चक्रवर्ती धन्यवाद कांग्रेस अनुसार सदस्यता अभियान उसने देश करोड़ सदस्य जोड़े सत्यापित सदस्य कांग्रेस सदस्यता उपयोग जुड़े सत्यापित सदस्य क्यूआर कोड वाला डिजिटल पहचान पत्र कांग्रेस कहना पार्टी साल इतिहास पहली बार डिजिटल सदस्यता अभियान चलाया आंतरिक चुनाव संगठन निर्माण आधार तैयार करेगा कांग्रेस साल संगठन चुनाव सबसे महत्वपूर्ण चुनाव अध्यक्ष अगस्तसितंबर प्रस्तावित भाषा दिलीप दिलीप ‘भाषा’ न्यूज़ एजेंसी ‘ऑटोफीड’ ली कंटेट दिप्रिंट जिम्मेदार नहीं हैकांग्रेस डिजिटल सदस्यता अभियान करोड़ सदस्य जोड़े,politics
राज्य ब्यूरो पटना बिहार सीएम नीतीश कुमार शुक्रवार मुख्यमंत्री आवास दावतएइफ्तार आयोजन साल अंतराल मुख्यमंत्री आवास दावतएइफ्तार आयोजन कोरोना संभव नहीं पा इफ्तार पटना सिटी स्थित मित्तन घाट खानकाह सज्जादानशीं सैयद शाह शमीमउद्दीन मुनअमी तकरीर उन्होंने इबादत इंसान मानव धर्म पहचाने मित्तन घाट सज्जादानशीं सैयद शाह शमीमउद्दीन मुनअमी रमजान रोजे महत्ता विस्तार प्रकाश डाला सामूहिक दुआ मुख्यमंत्री सहित आमंत्रित अतिथियों सामूहिक दुआ शामिल होकर राज्य तरक्की प्रगति आपसी भाईचारे मोहब्बत खुदाएताला दुआएं कीं मुख्यमंत्री नीतीश कुमार बारीबारी तमाम अतिथियों रोजेदारों स्वागत मुख्यमंत्री नीतीश कुमार इफ्तार सामूहिक दुआ शामिल उन्होंने लोग दावतएइफ्तार आएं कोरोना कारण आयोजन वर्षों नहीं पा दावतएइफ्तार जदयू राष्ट्रीय अध्यक्ष राजीव रंजन सिंह उर्फ सिंह भाजपा प्रदेश अध्यक्ष संजय जायसवाल जदयू प्रदेश अध्यक्ष उमेश सिंह कुशवाहा पूर्व मुख्यमंत्री जीतन राम मांझी केंद्रीय मंत्री पशुपति कुमार पारस शिक्षा मंत्री विजय चौधरी उद्योग मंत्री शाहनवाज हुसैन ग्रामीण विकास मंत्री श्रवण कुमार निर्माण मंत्री अशोक चौधरी राजस्व भूमि सुधार मंत्री रामसूरत कुमार निर्माण मंत्री नितिन नवीन अल्पसंख्यक कल्याण मंत्री जमां खान राजद विधान पार्षद डा रामचंद्र पूर्वे सांसद रामकृपाल यादव विधान पार्षद देवेश चंद्र ठाकुर कांग्रेस विधायक शकील खान लोजपा प्रदेश अध्यक्ष प्रिंस राज मुख्य सचिव आमिर सुबहानी गण्यमान्य मौजूद इस्लाम धर्मों महत्व देता तकरीर सज्जादानशीं मुनअमी हमें इंसानियत उजागर धर्म नौटंकी नहीं सही इंसानियत मानवता मजबूत बनाने वाला कर्मकांड मानवीय मूल्य मजबूत बनाता वही धर्म इस्लाम धर्मों महत्व देता रोजा हैमुख्यमंत्री नीतीश कुमार दावतएइफ्तार आयोजन कार्यक्रम शामिल मंत्री,politics
जयपुरः राजधानी सवाई मानसिंह अस्पताल मुख्यमंत्री अशोक गहलोत दौरे अवस्थाओं शिकायत आने प्रतिपक्ष उपनेता राजेंद्र राठौड़ सरकार निशाना साध राजेंद्र राठौड़ राइट टू हेल्थ ढ़ोल बजाने वाली सरकार असलियत सामने राठौड़ प्रदेश सरकार नहीं चिकित्सा संसाधनों ना घोषणा नहीं हालात राठौड़ गुरुवार मुख्यमंत्री दौरे लोगों शिकायत दर्द बताया ऐसी अव्यवस्था राज्य सबसे अस्पताल राजस्थान गुजर पुल जाइये सावधान क्योंकि बीते माह गिर चुकी गाड़ियां इलाज नाम मरीजों परिजनों परेशान राठौड़ दुर्भाग्यपूर्ण बताया राठौड़ मुख्यमंत्री गृह जिले जोधपुर एमडीएम अस्पताल चले जाएं संभवत वहां हालात सामने आएंगे अस्पताल चिकित्सा मंत्री दौरे राठौड़ लगती कुआं खोदने प्रवृत्ति सरकार उन्होंने चिकित्सा मंत्री दौरा नक्कारखाने तूती आवाज साबित होगा दिनों टीम दौरा भेजेंगे हालात खराब मिले आईना सरकार दिखाएंगेसीएम दौरे जुबानी वार तेजः राजेंद्र राठौड़ कहाराइट टू हेल्थ ढ़ोल बजाने वाली सरकार आया सामने,politics
दिल्ली प्रमुख संवाददाता मुख्यमंत्री अरविंद केजरीवाल तोड़फोड़ कार्यकर्ताओं जमानत मिलने भाजपा सम्मानित आदमी पार्टी निशाना साधा विधायक आतिशी भाजपा तोड़फोड़ वालों सम्मानित करती आतिशी मुख्यमंत्री अरविंद केजरीवाल तोड़फोड़ लोगों सम्मानित करके भाजपा देशभर कार्यकर्ताओं संदेश तोड़फोड़ करेंगे तभी पार्टी सम्मानित करेगी बढ़ाएगी पत्रकारों बातचीत आतिशी बीते मार्च दिल्ली मुख्यमंत्री अरविंद केजरीवाल भाजपा सांसद तेजस्वी सूर्या नेतृत्व तोड़फोड़ मामले हाईकोर्ट गंभीर टिपप्णी करती आरोपियों जमानत नहीं देती मामले आरोपियों जमानत मिली भाजपा नेता सम्मानित इससे साफ भाजपा देश माहौल बनाना चाहती असली चेहरा उन्होंने पहला मामला नहीं दिन करावल यूजीआर तोड़फोड़ उससे मनीष सिसोदिया तोड़फोड़ दिसंबर जलबोर्ड दफ्तर तोड़फोड़ आतिशी दिल्ली नहीं देशभर भाजपा नेता करके विधायक सांसद कैबिनेट मंत्री हिन्दुस्तान ईसमाचार पत्र क्लिक epaperlivehindustancomतोड़फोड़ वालों सम्मानित करती भाजपा आतिशी,politics
बिलासपुर मुख्यमंत्री भूपेश बघेल कहना केंद्रीय मंत्रियों छत्तीसगढ़ दौरा लाभ प्रदेश राज्य सरकार नहीं प्रदेश प्रवास केंद्र सरकार मंत्री पार्टी कार्यालय कार्यकर्ताओं प्रदेश भाजपा नेताओं मुलाकात राजनीतिक संभावनाएं तलाश साफ भाजपा प्रदेश नेतृत्व प्रभाव शून्य भाजपा जमीन खिसकी राजनीतिक जमीन तलाशने केंद्र सरकार मंत्रियों लगातार छत्तीसगढ़ दौरा राजनीतिक लाभ प्रदेश इससे लाभ मिलने वाला नहीं मुख्यमंत्री बघेल साइंस कालेज मैदान आयोजित किसान समृद्धि मेले समापन पत्रकारों चर्चा उन्होंने तीन दिवसीय आयोजन प्रदेशभर हजार किसानों भाग किसानों तकनीक बारे जानकारी दी उम्मीद किसान परिवर्तन गंभीरता सोचेंगे तकनीक आधारित आधुनिक खेती अग्रसर होंगे रासायनिक खाद निर्भरता जैविक खेती किसानों प्रेरित वर्मी कंपोस्ट निर्माण करेंगे अनुपात रासायनिक खाद हमारी निर्भरता होगी दिशा राज्य सरकार गंभीरता सोच गोठानों वर्मी कंपोस्ट निर्माण लक्ष्य निर्धारित जैविक खाद प्रयोग जमीन मिट्टी उपजाऊ होगी फायदेमंद रहेगा केंद्र मापदंड खरे सवाल जवाब मुख्यमंत्री केंद्र सरकार नीति आयोग राज्यों कामकाज मापदंड बनाए छत्तीसगढ़ मापदंड खरा बात केंद्र सरकार जरूरी नहीं मिल पा केंद्रीय मंत्रियों प्रदेश लगातार दौरा केंद्र राज्य शासन योजनाओं परीक्षण सिफारिश नहीं मंत्रियों दौरे राज्य फायदा नहीं मिल साल भाजपा जानते भाजपा नेताओं टिप्पणी प्रतिक्रिया व्यक्त सीएम भाजपा साल साल इतिहास सबसे किसानों आत्महत्या भूख मौत कार्यकाल किसानों बारे भाजपा सरकार नहीं हमारी सरकार किसान समृद्ध कर्ज बोझ जनता जेब पैसे समृद्धि छत्तीसगढ़ मंदी नहीं बाजार रौनक लौट गुलजार मनरेगा कर्मियों हड़ताल सवाल मनरेगा केंद्र सरकार योजना मांग केंद्र सरकार हैकेंद्रीय मंत्री राजनीतिक दौरे छत्तीसगढ़ जनता राज्य सरकार लाभ नहीं मिल सीएम भूपेश,politics
मुंबई अप्रैल भाषा महाराष्ट्र भाजपा विधायक संजय कुटे भले राज्य शिवसेना नीत सरकार सरकारी मशीनरी दुरुपयोग विरोधी पार्टी करे हमारे अदालतें बयान शिवसेना सांसद संजय राउत बयान आया उन्होंने दावा आदलतें विशेष राजनीतिक नेताओं राहत दे भाजपा विधायक संजय कुटे दावा अदालतें जानती प्रशासनिक मशीनरी पुलिस महाराष्ट्र दुरुपयोग भाजपा अदालतों उन्होंने संवाददाताओं विरोध करेंगे अदालत जानती प्रशासन पुलिस एजेंसियों दुरुपयोग हमारे अदालत हमें अदालतों न्याय मिलता अदालतों निपटेंगे… अदालतों जरिये चीजें करा वहां करेंगे कुटे बयान राज्य सत्तारूढ़ महा विकास अघाड़ी नेताओं आरोपों पृष्ठभूमि महत्वपूर्ण माना जिन्होंने आरोप लगाया केवल भाजपा नेताओं न्यायपालिका राहत मिल वैसा बर्ताव महा विकास अघाडी नेताओं नहीं जिनकी जांच केंद्रीय एजेंसियां बंबई उच्च न्यायालय महाराष्ट्र भाजपा नेता किरिट सोमैया धोखाधड़ी नौसेना सेवामुक्त चुके विक्रांत बचाने जुटाए कथित मामले गिरफ्तारी अंतरिम राहत मिलने बुधवार शिवसेना सेना सांसद संजय राउत दावा राहत घोटाला बारे बृहस्पतिवार महाराष्ट्र गृहमंत्री दिलीप वाल्से पाटिल पूछा उन्होंने राउत बयान समर्थन आश्चर्य वाला मामला उन्होंने आश्चर्यजनक मामला पार्टी विशेष लोगों अदालत राहत मिल मामले हमारे सामने आशंका नहीं भाषा धीरज माधव माधव ‘भाषा’ न्यूज़ एजेंसी ‘ऑटोफीड’ ली कंटेट दिप्रिंट जिम्मेदार नहीं हैअगर महाराष्ट्र सरकार सरकारी मशनरी दुरुपयोग करती अदालत हमारे भाजपा विधायक,politics
रायपुरराज्य ब्यूरो खैरागढ़ विधानसभा उपचुनाव परिणाम आने दिन कांग्रेस भाजपा नेताओं चली जुबानी जंग इस्तीफे पहुंच राजनांदगांव प्रभारी मंत्री अमरजीत दावा कांग्रेस उम्मीदवार जीत होगी जोश कांग्रेस उम्मीदवार हार मंत्री इस्तीफा दे देंगे बयान पूर्व मंत्री बृजमोहन अग्रवाल पलटवार अग्रवाल मंत्री इस्तीफा तैयार खैरागढ़ जनता बुलडोजर कांग्रेस चलेगा भाजपा उम्मीदवार जीत होगी प्रदेश कांग्रेस सरकार बनने उपचुनावों पहली बार भाजपा खैरागढ़ चुनाव मजबूती लड़ा सरकार कांग्रेस संगठन चुनाव प्रतिष्ठा सवाल बनाकर मेहनत खाद्य मंत्री अमरजीत दावा कांग्रेस उम्मीदवार हारी दे देंगे इस्तीफा मंत्री अमरजीत भाजपा नेताओं चुनौती स्वीकार मीडिया चर्चा ताली सिर्फ हाथ नहीं बजती भाजपा नेता बृजमोहन अग्रवाल शिवरतन शर्मा कांग्रेस हार इस्तीफा देने मांग बात कायम हूं कांग्रेस उम्मीदवार जीत आश्वस्त हूं पूर्व मंत्री बृजमोहन पलटवार कहातैयार इस्तीफा चलेगा जनता बुलडोजर भाजपा उम्मीदवार हार बृजमोहन अग्रवाल शिवरतन शर्मा इस्तीफा तैयार खैरागढ़ भाजपा भाजपा नेताओं बात नहीं खैरागढ़ उपचुनाव कांग्रेस उम्मीदवार यशोद वर्मा भाजपा उम्मीदवार कोमल जंघेल मैदान उपचुनाव परिणाम शनिवार दोपहर जाएगाKhairagarh कांग्रेसभाजपा खैरागढ़ उपचुनाव लड़ाई इस्तीफे,politics
शिमला अप्रैल हिमाचल प्रदेश जयराम सरकार जनता यूनिट बिजली मुफ्त देने ग्रामीण क्षेत्रों पानी बिल माफ घोषणा आदमी पार्टी जयराम सरकार हमला बोला आदमी पार्टी प्रदेश प्रवक्ता गौरव शर्मा जयराम सरकार केजरीवाल डरने लगी नीतियों अपनाने ताकि प्रदेश खिसकती जमीन बचाया सके उन्होंने जयराम सरकार जनता राहत देने घोषणाओं देर दी प्रदेश जनता केवल रास्ता दिखाने वाली सरकार तीमारदार मुफ़्त शब्द उपहास केजरीवाल अनापशनाप बोल अचानक हिमाचल दिवस मुफ़्त बिजली पानी घोषणा केवल केवल केजरीवाल गवर्नेंस मॉडल काम जयराम सताने लगा उन्होएँ जयराम ठाकुर भली भांति ज्ञात चुका प्रदेश सियासी जमीन हाथ प्रदेश जनता नकार शायद केजरीवाल नीतियां पता पाएं उन्होंने जयराम तंज कसते जयराम जी देर चुकी सिर्फ सिर्फ प्रदेश जनता आपको सता रास्ता दिखाने वाली केजरीवाल सरकार प्रदेश आने वाली हैगौरव शर्मा सरकार पिट्ठू दिनों शोर मचा मुफ़्त मुफ़्त देकर केजरीवाल देश श्रीलंका बना देंगे मुख्यमंत्री हिमाचल दिवस मुफ़्त बिजली यूनिट ग्रामीण क्षेत्रों पानी मुफ़्त महिलाओं किराया आधा वाह चमचों वाह आपकी दोगली नीति रीति प्रदेश जनता वाकिफ़ चुकी केजरीवाल नीति ली सता जाना निश्चित क्योंकि प्रदेश स्वच्छ ईमानदार कर्मशील सरकार चाहता सिर्फ केजरीवाल दे हिमाचल चुनाव जयराम ऐलान पानी बिल माफ यूनिट बिजली फ्री गौरव शर्मा जयराम जी अंगडाई बड़ी लड़ाई जनहित फैसले आपसे करवाने वाली इंतजार कीजिए उन्होंने भाजपा शासन काल निगम शिमला परिधि देशभर सबसे महंगापानी मिलता जयराम हिमाचल दिवस जनता मूर्ख बनाने प्रयास झूठी घोषणा प्रदेश जनता गुमराह चाहते प्रदेश भोली भाली जनता जानती जिसके शासन काल प्रदेश भ्रष्टाचार फैला वहां बिजली पानी मुफ्त नहीं मिल भाजपा यूनिट बिजली फ़्री देने घोषणा अरविंद केजरीवाल मंडी रोड शो आभास आने चुनाव बड़ी तेज गति भाजपा आंधी उड़ने वाली जिसके चलते जयराम घोषणा करनी पड़ी प्रदेश जनता अपील भाजपा घोषणाएं सिर्फ धोखा छलावा झांसे आएं प्रदेश दिल्ली जैसी अच्छी शिक्षास्वास्थ्य बिजली पानी जैसी सुविधाएं हिमाचल आदमी पार्टी सरकार बनाएं oneindiacomकेजरीवाल मॉडल नीतियों जयराम सरकार,politics
जल्द बिहार कांग्रेस बदलाव शीर्ष नेतृत्व पांच राज्यों चुनावी नतीजों इंतजार संकट जूझ कांग्रेस बिहार इकाई मोहन झा इस्तीफे नये अध्यक्ष चुनाव जिम्मेदारी सवाल बिहार कांग्रेस नया सेनापति होगा पढ़ें पूरी पटना बिहार कांग्रेस अध्यक्ष मोहन झा इस्तीफे कांग्रेस सेनापति तलाश शुरू अध्यक्ष चर्चा बाजार कांग्रेस दौर सेनापति कमान सौंपने तैयारी सामाजिक समीकरण साधा जाए गठबंधन दौर हैसियत घटे वैसे माना कांग्रेस आलाकमान मुद्दे चौंकाने वाला फैसला ले कांग्रेस अध्यक्ष नाम चर्चा नाम रेस काफी दिल्ली पटना पहुंचे मोहन झा बोले राहुल गांधी मुलाकात फिलहाल मंजूर नहीं इस्तीफा कन्हैया कुमार बनेंगे बिहार कांग्रेस अध्यक्ष वामपंथी नेता कन्हैया कुमार बिहार कांग्रेस अध्यक्ष दौड़ बताए कन्हैया भूमिहार जाति आते अच्छे वक्ता कन्हैया चेहरा जाना पहचाना हालाकि सूत्रों कहना कन्हैया अध्यक्ष बनना इतना आसान नहीं कांग्रेस वरिष्ठ नेता कन्हैया स्वीकार करेंगे आसार कन्हैया अध्यक्ष बनना आसान नहीं बिहार आरजेडी कांग्रेस राहें पीछे कन्हैया कुमार जुड़ी बताई तेजस्वी यादव बराबर प्रतिद्वंद्वी माना बिहार कांग्रेस अध्यक्ष दूसरी सूत्र बताते अध्यक्ष बनने दौड़ कुटुंबा विधायक विधायक राजेश राम पूर्व सांसद रंजीता रंजन राज्यसभा सांसद अखिलेश सिंह वैसे विजय शंकर दुबे रेस बताए बार ब्राह्मण अध्यक्ष बनें संभावना सूत्रों कहना कांग्रेस बिहार सवर्णों राजनीति करती कांग्रेस बार सवर्ण अध्यक्ष बनाकर सवर्णों साधने कोशिश करेगी चंपारण शुरू होगी कांग्रेस गांधी दर्शन यात्रा बोले भक्त दास सिर्फ गांधी विचारधारा देश राजेश राम नाम सबसे राज्यसभा सांसद अखिलेश सिंह कन्हैया कुमार भूमिहार जाति आते तर्क सवर्ण अध्यक्ष हटने कांग्रेस राजेश राम अध्यक्ष बनाकर दलित मतदाताओं साधने कोशिश वैसे नाम कांग्रेस फूट दिखाई दे नाम नहीं कांग्रेस नाराजगी देखने नहीं मिले हालांकि कांग्रेस वरिष्ठ नेता सवाल खारिज देते पिछले बिहार इकाई प्रमुख नये शख्स जरूरत महसूस वरिष्ठ नेता राज्य पूर्व मंत्री विधान परिषद सदस्य मोहन झा शालीन तरीके इस्तीफा देकर रास्ता साफ पार्टी आलाकमान नये प्रदेश अध्यक्ष संभावित नामों विचार उचित अंतिम निर्णय जाएगा तारिक कांग्रेस महासचिव तारिक राजनीतिक विश्लेषकों राय डॉक्टर कन्हैया कुमार बिहार कांग्रेस जान लौटने उम्मीद कांग्रेस अध्यक्ष राह आसान नहीं होगी वरिष्ठ कांग्रेस नेताओं तर्क बिहार कांग्रेस कमान नेता दी जाए जनता पसंद फिलहाल बिहार कांग्रेस अध्यक्ष इतना अध्यक्ष बने राह आसान नहीं रहने वाली अध्यक्ष बनते विरोधी खेमा तैयार जाएगा माना कांग्रेस आलाकमान अध्यक्ष फैसला चौंकाने वाला राहुल मुलाकात लौटे मोहन झा बिहार कांग्रेस अध्यक्ष मोहन झा दिल्ली पटना पहुंचे उन्होंने राहुल गांधी मुलाकात उनसे संगठन चर्चा वर्तमान बिहार स्थिति बारे बातचीत उनसे पूछा प्रदेश अध्यक्ष होंगे प्रदेश अध्यक्ष नहीं उन्होंने देखिए कांग्रेस परंपरा चली प्रदेश अध्यक्ष घोषणा वर्तमान प्रदेश अध्यक्ष हटते जरूरी नहीं प्रदेश अध्यक्ष इस्तीफा दें होगा बिहार कांग्रेस कप्तान प्रभारी नामों सूची सोनिया गांधी सौंपी आलाकमान इस्तीफा मांगने जरूरत नहीं चाहें हटा मुझे आलाकमान आशीर्वाद हमेशा मिलता रहता अध्यक्ष बात आता रहता अध्यक्ष परमानेंट नहीं मैंने इस्तीफा कांग्रेस आलाकमान सौंपा बार मुलाकात याद दिलाया मोहन झा बिहार कांग्रेस अध्यक्ष इस्तीफे असली बिहार कांग्रेस हार लगातार खराब स्थिति मोहन झा कार्यशैली सवाल पिछले दिनों बिहार कांग्रेस पूर्व विधायक पूर्व रेल मंत्री ललित नारायण मिश्रा पोते ऋषि मिश्रा मोहन झा कार्यशैली सवाल उठाया पार्टी इस्तीफा दे सूत्र बताते बिहार कांग्रेस प्रभारी भक्‍त दास झा विधानसभा चुनाव इस्तीफा देने सियासी तूफान फंसी कांग्रेस बिहार कांग्रेस संगठन तौर पूरी कमजोर बिहार चुनाव प्रदेश अध्यक्ष मोहन झा इस्तीफे पेशकश कांग्रेस बिहार अध्यक्ष चुनाव नहीं सकी विधान सभा चुनाव महागठबंधन कांग्रेस सीटें मिलीं कांग्रेस सीट जीत पाई तारापुर कुशेश्वर उपचुनाव कांग्रेस उम्मीदवार ढेर सीटों एमएलसी चुनाव कांग्रेस मैदन अकेली बोचहां उपचुनाव हाथ नहीं लगने वाला इतना नहीं आपको याद होगा पिछले दिनों आरजेडी सुप्रीमों लालू यादव बिहार प्रदेश प्रभारी भक्त दास भकचोन्हर कार्यकारी अध्यक्ष सुझाए नाम फिलहाल बिहार कांग्रेस अध्यक्ष मोहन झा चारों कार्यकारी अध्यक्ष समीर सिंह कौकब कादरी अशोक राम श्याम सुंदर सिंह धीरज कार्यकाल समाप्त चुका सूत्रों अनुसार बिहार कांग्रेस प्रभारी भक्त चरणदास बिहर कांग्रेस अध्यक्ष राष्ट्रीय सचिव विधायक शकील खान राष्ट्रीय सचिव पूर्व सांसद रंजीता रंजन नाम आलाकमान सुझाया बिहार कांग्रेस अध्यक्ष मंथन नामों चर्चाInside कन्हैया कुमार राजेश राम बिहार होगा कांग्रेस नया सेनापति,politics
जागरण संवाददाता जालंधर पंजाब विधानसभा विपक्ष नेता प्रताप सिंह बाजवा सांसद चौधरी संतोख सिंह पूर्व विधायक सुशील रिकू कार्यालय कार्यकर्ताओं मीटिग करके निगम चुनाव तैयारियों बिगुल फूंका उन्होंने पार्टी नेताओं आह्वान आगामी निगम चुनावों एकजुट जाएं उन्होंने जालंधर कांग्रेस प्रदर्शन खराब नहीं सुधार लें निगम चुनाव विरोधियों मात दे पूर्व विधायक सुशील रिकू कार्यालय बड़ी गिनती मौजूद कार्यकर्ताओं संबोधित आदमी पार्टी सरकार प्रदेश हालात बिगाड़ दिए पंजाब जनता इच्छा बदलाव वोट डाला इच्छा पूरी नहीं पाई उन्होंने महीने सरकार लोगों मुश्किल ले मंडी किसान परेशान गैंगस्टर सक्रिय रोजाना कत्ल कानून व्यवस्था बिगड़ चुकी आदमी पार्टी सरकार लोगों बिजली नहीं दे पा उन्होंने पहली बार देखा सरकार महीना नहीं लोग नाराज लगे मौके सुनीता रिकू मेजर सिंह जगदीश समराए अश्वनी जांगराल समेत नेता मौजूद रहेबाजवा निगम चुनावों कार्यकर्ताओं एकजुट,politics
दिल्ली बीजेपी प्रदेश कार्यालय ईस्ट नॉर्थ एमसीडी मेयर समेत साउथ एमसीडी नेता प्रेस कांफ्रेंस दिल्ली बीजेपी प्रदेश कार्यालय शुक्रवार ईस्ट नॉर्थ एमसीडी मेयर समेत साउथ एमसीडी नेता प्रेस कांफ्रेंस प्रेस कांफ्रेंस उन्होंने नेताओं दिल्ली बिगड़ी स्वच्छता व्यवस्था लगाए आरोपों बात रखते आरोपों झूठा बताया दिल्ली सरकार निशाना साधा उन्होंने दिल्ली निगम स्वच्छता व्यवस्था बनाए रखने मद्देनजर जिम्मेदारियों भलीभांति तरीके निभा निगम हजारों कर्मचारी रोज काम आदमी पार्टी सिर्फ झूठे आरोप लगाना जानती नहीं नेताओं बीते दिन प्रेस कांफ्रेंस दिल्ली बिगड़ी स्वच्छता व्यवस्था निगम शासित बीजेपी गंभीर आरोप लगाए दिल्ली बीजेपी प्रदेश कार्यालय नॉर्थ ईस्ट एमसीडी मेयर साउथ एमसीडी नेतृत्व बीजेपी वरिष्ठ नेता प्रवीण शंकर कपूर मीडिया प्रभारी हरिहर रघुवंशी प्रेस कॉन्फ्रेंस आदमी पार्टी आरोपों जवाब देते ना सिर्फ खंडन बल्कि आरोपों झूठा बताया बीजेपी नेताओं प्रेस कॉन्फ्रेंस गंभीर आरोप लगाते आदमी पार्टी नेता निगम झूठी मिथ्या आरोप लगा ताकि कूड़े निस्तारण वाली कंपनियों दबाव बनाकर उनसे कमीशन ले सके जहां ईस्ट नॉर्थ एमसीडी मेयर बात रखते स्पष्ट तौर निगम राजधानी दिल्ली स्वच्छता व्यवस्था बनाए रखने मद्देनजर जिम्मेदारियों भलीभांति तरीके निभा निगम हजारों कर्मचारी लगातार राजधानी स्वच्छता व्यवस्था बनाए रखने कूड़े निस्तारण कार्य निगम बड़ी संख्या दिल्ली सिर्फ वार्ड कंपैक्टर लगाए बल्कि ढलाव घरों खत्म लोगों घरों कूड़ा उठाने पर्याप्त मात्रा ट्रिपल व्यवस्था इंतजाम निगम हैकूड़े पहाड़ समस्या निपटने मद्देनजर लगातार निगम काम दिल्ली तीनों कोनो स्थित कूड़े पहाड़ों हाइट लगातार काम हैभलस्वागाजीपुर ओखला लैंडफिल साइट हाइट बीते सालों मीटर पढ़ेंः केजरीवाल आवास तोड़फोड़ बीजेपी कार्यकर्ता जेल रिहा आदेश गुप्ता माला पहनाकर स्वागत साउथ एमसीडी नेता इंद्रजीत सहरावत निगम पक्ष रखते निगम जिम्मेदारियां अच्छी तरीके निभा हैयहां दिल्ली सरकार प्रकार सहयोग ना मिलने बावजूद निगम कामों अच्छे तरीके हैराजधानी दिल्ली स्वच्छता व्यवस्था मुकाबले बेहतर स्वच्छता रैंकिंग दिल्ली प्रदर्शन सुधरा निगम शासित बीजेपी सरकार नेताओं बातचीत स्पष्ट तौर दिल्ली कूड़े पहाड़ समाप्त मद्देनजर लगातार भलीभांति तरीके काम लगाए आरोप झूठे अंत ओखला लैंडफिल साइट खत्म जाएगावहीं गाज़ीपुर लैंडफिल साइट दिसंबर पूरी तरीके खत्म जाएगाअभी दिल्ली तीनों लैंडफिल साइट कूड़े पहाड़ ऊंचाई मीटर जिन्होंने प्रयासों काम ऐसी ज़रूरी विश्वसनीय ख़बरों डाउनलोड ईटीवी भारत एपभाजपा पलटवारः स्वच्छता व्यवस्था लगाये आराेपाें काे बताया झूठ,politics
हिमाचल प्रदेश साल अंत विधानसभा चुनाव वाला विधानसभा चुनाव हिमाचल प्रदेश सरकार जनता मेहरबान मुख्यमंत्री जयराम ठाकुर शुक्रवार लोगों ऐलान सीएम जयराम ठाकुर लोगों यूनिट बिजली बिल निशुल्क रहेगा इससे लाख परिवार लाभान्वित होंगे ग्रामीण क्षेत्रों लोगों पानी बिलों भुगतान छूट दी जाएगी महिलाओं टिकट फीसदी किराया देना होगा हिमाचल प्रदेश भाजपा सरकार विधानसभा चुनाव हिमाचल सरकार लोगों बड़ी सौगात देने घोषणा हालांकि हिमाचल प्रदेश साल चुनाव भाजपा चेहरा बनाएगी बीजेपी राष्ट्रीय अध्यक्ष जेपी नड्डा साफ हिमाचल प्रदेश चुनाव मुख्यमंत्री जयराम ठाकुर नेतृत्व लड़ा जाएगा भारतीय जनता पार्टी जयराम ठाकुर चेहरे विधानसभा चुनाव लड़ेगी प्रधानमंत्री नरेंद्र मोदी जून हिमाचल रैली संबोधित करेंगे रैली लाख अधिक युवा कार्यकर्ता शामिल होंगे हालांकि विधानसभा चुनाव देखते भाजपा वरिष्ठ नेता हिमाचल प्रदेश लगातार दौरा हैंजनता सरकार मेहरबान बिजली समेत सुविधाएं मिलेंगी फ्री,politics
मप्र सूक्ष्म लघु उद्योग मंत्री ओमप्रकाश सखलेचा पूर्व मुख्यमंत्री वीरेंद्र सखलेचा पुत्र उन्होंने परिवारवाद परिभाषा समझाते नेता पुत्रों चुनाव टिकिट देने पैरवी भोपाल मप्र सरकार मंत्री ओमप्रकाश सखलेचा बीजेपी आलाकमान फैसले नेतापुत्रों टिकट देने मांग सखलेचा मामले पार्टी परिवारवाद परिभाषा समझाने लगे मप्र सूक्ष्म लघु उद्योग मंत्री ओमप्रकाश सखलेचा पूर्व मुख्यमंत्री वीरेंद्र सखलेचा पुत्र परिवारवाद नेता पुत्रों चुनाव टिकिट देने पैरवी बयान कांग्रेस घेरा कांग्रेस बीजेपी नेता मोदी जी फैसले चुनौती देने लगे मंत्री ओमप्रकाश सखलेचा मोदी चुनौती नेता पुत्रों टिकट देना नहीं समझाई परिवारवाद परिभाषा,politics
भाजपा राज महिलाएं सुरक्षित अपर्णा संवाद सहयोगी तिर्वा भाजपा भरपूर सम्मान मिला नीतियां जनहित भाजपा सम्मान महिलाएं सुरक्षित बात अपर्णा यादव भाजपाइयों कही शुक्रवार औरैया बिधूना निजी कार्यक्रम शामिल भाजपा अपर्णा यादव आगरालखनऊ एक्सप्रेसवे फगुआ भट्ठा टोल प्लाजा भाजपाइयों काफिला रोक भाजपा नेता सौरभ गुप्ता प्रतीक चिन्ह मांग फगुआ भट्ठा एक्सप्रेसवे पैदल यात्रियों उतरने रास्ता नहीं लिंक रोड दूरी पड़ इससे यात्री पत्थरों सहारे उतरते पत्थर फिसलकर बार यात्री घायल चुके इससे सीढ़ी निर्माण कराया जाए उन्होंने मांगों कराने भरोसा अपर्णा यादव भाजपा राज महिलाएं सुरक्षित भाजपा आने खुश मौके आयुष गुप्ता जितेंद्र गुप्ता गौरव द्विवेदी समेत लोग मौजूद रहेभाजपा राज महिलाएं सुरक्षित अपर्णा,politics
अगले नेतृत्व तैयार युवाओं मौका देने बढ़ी भाजपा धनंजय प्रताप सिंह भोपाल पीढ़ी परिवर्तन दौर गुजर भारतीय जनता पार्टी नगरीय निकाय चुनावों विधानसभा चुनाव युवा चेहरों तैयारी शुरू दी साल उम्र नेताओं कार्यकर्ताओं अधिक मौका मिलने उम्मीदें संगठन मंडल स्तर अधिकतम जिला स्तर साल अधिकतम आयु वालों कमान मिल चुकी पार्षद विधायक साल आयु चेहरों अधिक मौका देने तैयारी कवायद रणनीति हिस्सा जिसके अगले पार्टी पीढ़ी मौका देकर नेतृत्व तैयार पार्टी थिंक टैंक संगठन पीढ़ी अंतराल नहीं चाहता पार्टी वर्षों वयोवृद्ध युवाओं मौजूदगी रूप पहचानी जाए इससे भाजपा लोकसभा विधानसभा चुनावों साल अधिक उम्र नेताओं चुनाव मैदान उतारने परहेज वर्ष विधानसभा चुनाव पार्टी बाबूलाल गौर सरताज सिंह रामकृष्ण कुसमरिया माया सिंह कुसुम महदेले सहित नेताओं टिकट काट दिए इनमें मंत्री अगले साल अंत प्रदेश विधानसभा चुनाव अनुमान प्रदेश अधिक सीटें जहां आयु लिहाज युवाओं संख्या निर्णायक संगठन युवाओं महत्वपूर्ण जिम्मेदारियां दी उससे स्पष्ट संकेत मिल पार्टी युवा शक्ति अनुभव रखते उपयोग लेने फार्मूले काम पार्टी सूत्रों कहना संगठन बूथ स्तर प्रदेश स्तर दायित्वों युवाओं प्राथमिकता देने युवा ऊर्जावान लोगों सहभागिता बढ़ेगी मंडल जिला स्तर चुनावी रणनीति सामाजिक समीकरणों ध्यान रखा युवाओं मौका मिलने वर्गों पार्टी निश्चित तौर मिलेगा जिनकी भागीदारी अपेक्षाकृत भाजपा प्रदेश मंत्री रजनीश अग्रवाल भारतीय जनता पार्टी पीढ़ी परिवर्तन विशेष अभियान नहीं बल्कि स्वाभाविक प्रक्रिया कार्यकर्ताओं भावना जनता अपेक्षा जीतने संभावना ध्यान रखते पार्टी विचार करती पार्टी चुनाव नहीं बल्कि लगातार वैचारिक उद्देश्य कार्य करती दृष्टि निर्णय हैंMadhya नगरीय निकाय विधानसभा चुनाव चेहरों मौका देने तैयारी,politics
बिहार प्रदेश कांग्रेस अध्यक्ष मोहन झा इस्तीफे बिहार अगला प्रदेश अध्यक्ष होगा कयास लगाए लगे राजेश राम अशोक राम कांग्रेस विधायक नेता अजीत शर्मा पूनम पासवान बिहार कांग्रेस पूर्व उपाध्यक्ष प्रवीण कुशवाहा पूर्व सांसद रंजीत रंजन विजय शंकर दुबे एमएलसी समीर कुमार सिंह नाम सामने नाम नाम कन्हैया कुमार मीरा कुमार जिनके बारे कांग्रेस अध्यक्ष रेस गुरुवार मोहन झा दिल्ली कांग्रेस नेता राहुल गांधी मुलाकात इस्तीफा दे बिहार कांग्रेस लगातार खराब प्रदर्शन आलाकमान झा दिल्ली उनसे इस्तीफा हालांकि औपचारिक बयान सामने नहीं आया राहुल पसंद कन्हैया कुमार मोहन झा इस्तीफे बात सामने आने कांग्रेस अध्यक्ष नामों कयास लगाए कांग्रेस सूत्रों मिली जानकारी मुताबिक राहुल गांधी इच्छा अनुसार फैसला कन्हैया कुमार बिहार कांग्रेस प्रदेश अध्यक्ष जिम्मेदारी दी कन्हैया बनेंगे अध्यक्ष सवाल कन्हैया कुमार पार्टी जुम्माजुम्मा चार दिन अध्यक्ष बनाया जाएगाइसपर बिहार वरिष्ठ पत्रकार शिवेद्र नारायण सिंह कहना कन्हैया कुमार राहुल गांधी पसंद मोदी विरोध अंदाज भाषण देने शैली कार्यकर्ताओं जोश बिहार बेगूसराय रहने कन्हैया कुमार सवर्ण जाति बावजूद दलितों आवाज बुलंद रहते इससे कांग्रेस फायदा जहां दलितों पार्टी गोलबंद सर्वणों लाने कामयाब होंगे मुश्किलें नहीं हालांकि शिवेंद्र नारायण सिंह सबकुछ जोड़ चार नहीं इतना आसान नहीं राहुल गांघी पसंद बावजूद कन्हैया कुमार नाम बिहार कांग्रेस सीनियर नेता नहीं होंगे अध्यक्ष बना देते उम्मीद पुराने कांग्रेसियो सहयोग मिलेगाबिहार प्रदेश अध्यक्ष राहुल पसंद कन्हैया कुमार मोदी विरोधी चेहरे कांग्रेस प्रमोट,politics
कर्नाटक महाराष्ट्र मस्जिदों लाउडस्पीकर प्रतिबंध लगाने मांग लगातार जोर पकड़ उत्तर प्रदेश वाराणसी जिले भारतीय जनता पार्टी भाजपा कार्यकर्ता दावा व्यक्ति लाउडस्पीकर हनुमान चालीसा पाठ शुरू कथित तौर हनुमान चालीसा पाठ मस्जिदों पांच वक्त वाली अजान सुधीर सिंह प्रधानमंत्री नरेंद्र मोदी लोकसभा क्षेत्र संकट मोचन मंदिर पास स्थित साकेत कॉलोनी रहते फेसबुक प्रोफाइल बताया भाजपा कार्यकर्ता साथसाथ श्री काशी विश्वनाथ मुक्ति आंदोलन अध्यक्ष सुधीर सिंह मंगलवार फेसबुक पेज हनुमान चालीसा पाठ लोगों वीडियो डाला बैकग्राउंड लाउडस्पीकर वीडियो सोशल मीडिया वायरल उन्होंने मंगलवार वीडियो संदेश पोस्ट दावा लाउडस्पीकर दिन पांच बार हनुमान चालीसा बजाने निर्णय संगठन मुक्ति आंदोलन बैठक उन्होंने वीडियो सुबह सुप्रभातम सबेरे बजने संस्कृत भजनों छंदों संग्रह उठते जागते अजान सुनाई दे काशी काबा हमारी नहीं उन्होंने हमारी सबसे अपील जहां मंदिर हों माइक लगाए जाएं सुबह शुरुआत सुप्रभातम हनुमान चालीसा चाहते दोहराया जाए ताकि काशी काबा जाए पीछे कारण पूछे सुधीर सिंह दिप्रिंट सुप्रीम कोर्ट रात बजे सुबह बजे लाउडस्पीकरों इस्तेमाल प्रतिबंध लगाने निर्देश जारी मंदिरों इस्तेमाल मस्जिदों नहीं उन्होंने विरोध क्योंकि हमें अजान नहीं आती लाउडस्पीकर हनुमान चालीसा पाठ बजा पता लगा होगा कैसा लगता सुधीर सिंह दावा भाजपा जुड़े विस्तार बताने कहने जवाब हमारे पास नहीं कार्यकर्ता भाजपा प्रदेश प्रवक्ता राकेश त्रिपाठी दिप्रिंट बताया बात जानकारी नहीं सुधीर सिंह पार्टी कार्यकर्ता नहीं लाउडस्पीकर हनुमान चालीसा बजाने फैसले बारे प्रतिक्रिया पूछे त्रिपाठी जमीनी स्तर कानून कड़ाई पालन आवाज सीमा अधिक कानून काम दिप्रिंट संपर्क यूपी एडीजी कानूनव्यवस्था प्रशांत कुमार सुधीर सिंह कानूनव्यवस्था बनाए रखने उन्होंने व्यवस्था अनुमति नहीं दी जाएगी नियमकायदों उल्लंघन कानून काम करेगा उपयुक्त कार्रवाई जाएगी योगी सरकार पूर्व सिविल सेवकों जातीय संतुलन साधने दिखी मोदीशाह छाप मंदिरों हनुमान चालीसा बजाएंगे सुधीर सिंह दिप्रिंट बातचीत दावा संगठन योजना वाराणसी मंदिरों हनुमान चालीसा बजाने उन्होंने वाराणसी मंदिरों लाउडस्पीकर हनुमान चालीसा बजाएंगे सिलसिला कोशिश नहीं रुकेगा युवा गुमराह हमारी संस्कृति करीब लाया जाएगा पूछे कोशिश सांप्रदायिक सद्भाव बाधित नहीं होगा उन्होंने कहा’20 सालों अजान सुन सद्भाव बनाए रखने जिम्मेदारी केवल हिंदुओं नहीं बल्कि मुसलमानों सुधीर सिंह दावा प्रशासन रोका नहीं इलाके मुस्लिम निवासियों आपत्ति नहीं जताई सुधीर सिंह घोषणा करके चर्चा वाराणसी ज्ञानवापी मस्जिद परिसर शिवलिंग पार्वती मूर्ति मुक्त कराने आंदोलन शुरू करेंगे मांग मस्जिद कहीं स्थानांतरित जाए साल फरवरी धारा उल्लंघन गिरफ्तार संकट मोचन मंदिर काशी विश्वनाथ मंदिर दंडवत यात्रा नेतृत्व माहौल भारत अच्छा नहीं हालांकि वाराणसी प्रमुख मुस्लिम नेता मौलाना अब्दुल बातिन नोमानी मुफ्तीएबनारस दिप्रिंट बताया लोग कृत्य परेशान नोमानी दिप्रिंट बताया माहौल खासकर पिछले तीन सालों भारत अच्छा नहीं अजान नहीं बल्कि सालों बजाई हैउन्हें परेशानी जबसे रात बजे सुबह बजे अजान नहीं देने निर्देश आया तबसे दिन पांच खास वक्त बजाना शुरू उन्होंने साल हमें बताया केवल अनुमति वाली मस्जिदें लाउडस्पीकर अजान चला स्थानीय पुलिस स्टेशन विधिवत फॉर्म प्रशासन अनुमति लेना शुरू उन्होंने सुधीर सिंह माहौल खराब कोशिश मेरी मुस्लिम भाइयों अपील अजान बजाएं लोगों परेशानी अल्लाह उत्पीड़न लंबे जारी नहीं रहने देगा जोड़ा कृत्य पीछे मूर्ख लोग अंग्रेजी पढ़ने क्लिक मोदी दोस्त दुश्मन पवार केंद्र एमवीए मध्यस्थ रूप उभरे हैंअब पता होगा कैसा लगता अज़ान वाराणसी लाउडस्पीकर बजा हनुमान चालीसा,politics
मुख्यमंत्री जयराम ठाकुर टिप्पणी कांग्रेस वजूद खत्म हिमाचल कांग्रेस प्रदेश अध्यक्ष कुलदीप सिंह राठौर पलटवार उन्होंने मुख्यमंत्री टिप्पणियां संकीर्ण सोच मानसिकता दर्शता शिमला हिमाचल कांग्रेस प्रदेश अध्यक्ष कुलदीप सिंह राठौर मुख्यमंत्री जयराम ठाकुर पलटवार उन्होंने कांग्रेस देश सबसे पुरानी पार्टी जिसने देश आजाद करवाने देश आधुनिक बनाने बड़ा योगदान उन्होंने लोकतंत्र चुनावों पार्टियों हार जीत लगी मुख्यमंत्री जयराम कहना कांग्रेस वजूद खत्म संकीर्ण सोच मानसिकता दर्शता कुलदीप सिंह राठौर मुख्यमंत्री शायद भूल प्रदेश चार उपचुनावो करारी हार मुंह देखना पड़ा सत्ता दुरुपयोग बावजूद कांग्रेस भाजपा उपचुनावों धूल चटाई उन्होंने मुख्यमंत्री पांच राज्यों चुनाव परिणामों नहीं प्रदेश चिंता करनी उन्होंने सिहासन डोल प्रदेश भाजपा घमासान मचा छुपा नहीं पीसीसी चीफ कुलदीप राठौर कांग्रेस देश साल राज कांग्रेस देश आत्मनिर्भर बनाया उतार चढ़ाव कांग्रेस देखे उन्होंने प्रकार देश परिसंपत्तियों बेचा दुखदाई देश आने सबका जवाब भाजपा मांगेगा जवाब देना पड़ेगा कुलदीप राठौर प्रदेश जयराम सरकार कारगुजारियों हिसाब किताब देना होगा उन्होंने जयराम सरकार अकुशलता फिजूलखर्ची प्रदेश हजार करोड़ कर्ज डुबो उन्होंने भाजपा नेता बढ़ती महंगाई बेरोजगारी बात नहीं करती उन्होंने लोगों समस्याओं भाजपा पूरी संवेदनहीन चुकी कुलदीप प्रदेश चुनाव नजदीक आते देख मुख्यमंत्री घोषणाएं पूरी वाली नहीं उन्होंने घोषणाओं सरकार पास नहीं किसानबागवान लोग कारोबारी बेरोजगार परेशान कर्मचारियों उत्पीड़न सरकार मौजमस्ती डूबी उन्होंने प्रदेश लोग विधानसभा चुनावों भाजपा सत्ता बना चुके निकट मुख्य सचिव भ्रष्टाचार आरोप पुलिस भर्ती राठौर सरकार घेरा निष्पक्ष जांच उठाई मांगभाजपा घमासान मचा देखें जयराम ठाकुर कांग्रेस टिपण्णी कुलदीप राठौर,politics
दिल्लीटीम डिजिटल हाल मुख्यमंत्री जयराम ठाकुर बदले बात कहने शुक्रवार बार दिल्ली सरकार उपमुख्यमंत्री वरिष्ठ नेता मनीष सिसोदिया भाजपा हिमाचल सरकार कठघरे खड़ा उन्होंने हिमाचल सरकार मुफ्त बिजली पानी महिलाओं किराए फीसदी छूट घोषणा केजरीवाल मॉडल करार उन्होंने हिमाचल लोगों मुख्यमंत्री घोषणाओं जाल नहीं फंसने उन्होंने राज्य लोगों चुनाव पक्ष मतदान अपील जनता समस्याओं कराना हमारी प्राथमिकता मनोज तिवारी प्रेस वार्ता सिसोदिया सीधेतौर आरोप लगाया हिमाचल प्रदेश भाजपा सरकार अरङ्क्षवद केजरीवाल शासन मॉडल उन्होंने राज्य विधानसभा चुनाव भाजपा सरकार घोषणाएं लोगों आंखों धूल झोंकने कोशिश अलावा नहीं दिखाई दे क्योंकि भगवा पार्टी हमेशा कहती बिजली समेत चीजें मुफ्त देने विरूद्ध भाजपा सारी घोषणाओं वापस ले लेगीसत्ता वापस आने सिसोदिया दावा हिमाचल प्रदेश सत्ता वापस आने भाजपा सारी घोषणाओं वापस ले लेगी भाजपा सरकार हिमाचल मुख्यमंत्री सिसोदिया भाजपा हिमाचल सरकार घोषणाएं केजरीवाल शासन मॉडल आंशिक रूप कोशिश उन्होंने चुनाव ध्यान रखते राज्य केजरीवाल शासन मॉडल नाटक शुरू उन्होंने भाजपा मित्र राज्यों सत्ता उन्होंने उनमें राज्य सस्ती बिजली उपलब्ध कराने बारे नहीं सोचा उन्होंने भाजपा कहती बिजली मुफ्त नहीं होनी मुफ्त ऐसी चीजों मजाक उड़ाते मुफ्त चीजें राष्ट्रविरोधी केजरीवाल ट्वीट जरिये भाजपा हिमाचल सरकार निशाना साधा मुख्यमंत्री राष्ट्रीय संयोजक अरविंद केजरीवाल ट्वीट जरिये भाजपा हिमाचल सरकार निशाना साधा उन्होंने ट्वीट दिल्ली करके हिमाचल भाजपा सरकार घोषणाएं भाजपा एलान भाजपा शासित रायों करे नहीं लोग मानेंगे खौफ चुनाव फर्जी घोषणाएं चुनाव वापिस ले लेंगे उन्होंने सिसोदिया बयान टैग उल्लेखनीय इससे दिन चंबा कार्यक्रम संबोधित हिमाचल प्रदेश मुख्यमंत्री जयराम ठाकुर घोषणा सरकार यूनिट मुफ्त बिजली देने ग्रामीण क्षेत्रों पानी बिल माफ निर्णय उन्होंने सरकार बसों महिलाओं किराया आधा फैसला हैहिमाचल मुफ्त बिजली घोषणा केजरीवाल मॉडल सरकार सिसोदिया,politics
पटना बिहार कांग्रेस अध्यक्ष मोहन झा इस्तीफे कांग्रेस सेनापति तलाश शुरू अध्यक्ष चर्चा बाजार कांग्रेस दौर सेनापति कमान सौंपने तैयारी सामाजिक समीकरण साधा जाए गठबंधन दौर हैसियत घटे वैसे माना कांग्रेस आलाकमान मुद्दे चौंकाने वाला फैसला ले कांग्रेस अध्यक्ष नाम चर्चा नाम रेस काफी वामपंथी नेता कन्हैया कुमार अध्यक्ष दौड़ बताए कन्हैया भूमिहार जाति आते अच्छे वक्ता कन्हैया चेहरा जाना पहचाना हालाकि सूत्रों कहना कन्हैया अध्यक्ष बनना इतना आसान नहीं कांग्रेस वरिष्ठ नेता कन्हैया स्वीकार करेंगे आसार कन्हैया अध्यक्ष बनना आसान नहीं सूत्र बताते अध्यक्ष बनने दौड़ कुटुंबा विधायक विधायक राजेश राम पूर्व सांसद रंजीता रंजन राज्यसभा सांसद अखिलेश सिंह वैसे विजय शंकर दुबे रेस बताए बार ब्राह्मण अध्यक्ष बनें संभावना सूत्रों कहना कांग्रेस बिहार सवर्णों राजनीति करती कांग्रेस बार सवर्ण अध्यक्ष बनाकर सवर्णों साधने कोशिश करेगी राज्यसभा सांसद अखिलेश सिंह कन्हैया कुमार भूमिहार जाति आते तर्क सवर्ण अध्यक्ष हटने कांग्रेस राजेश राम अध्यक्ष बनाकर दलित मतदाताओं साधने कोशिश वैसे नाम कांग्रेस फूट दिखाई दे नाम नहीं कांग्रेस नाराजगी देखने नहीं मिले वरिष्ठ कांग्रेस नेताओं तर्क बिहार कांग्रेस कमान नेता दी जाए जनता पसंद बहरहाल बिहार कांग्रेस अध्यक्ष इतना अध्यक्ष बने राह आसान नहीं रहने वाली अध्यक्ष बनते विरोधी खेमा तैयार जाएगा माना कांग्रेस आलाकमान अध्यक्ष फैसला चौंकाने वाला हैकौन होगा बिहार कांग्रेस नया अध्यक्ष कन्हैया कुमार दौड़ शामिल,politics
झारखंड पेट्रोल सब्सिडी योजना राजनीति गरीबों किफायती पेट्रोल सियासी पेट्रोल कीमत राजनीति जारी इसको बीजेपी मौजूदा सरकार निशाने कांग्रेस बीजेपी पलटवार रांचीः झारखंड सरकार गरीबों पेट्रोल सब्सिडी योजना चला जिसके अधिकतम लीटर प्रतिमाह पेट्रोल खरीदने लीटर रुपये सब्सिडी मिलेगी गरीबों शुरू योजना शुरू सियासत विपक्ष सरकार मंशा सवाल उठाती सरकार सहयोगी कांग्रेस इसको पलटवार पढ़ें बीपीएल कार्डधारियों भ्रम स्थिति कांग्रेस आरोप बीजेपी प्रोपेगेंडा हिचक रहें गरीब पेट्रोल सब्सिडी योजना इसको झारखंड राजनीति सरकार योजना राज्य जनवरी शुरू शुरुआत लाभ लेने पहिया वाहन रखनेवाले गरीबों रुचि दिखाई धीरे धीरे सब्सिडी जटिल प्रक्रिया कारण लोग सब्सिडी लाभ नहीं ले हकीकत जनवरी लाख लोगों लाभ मार्च संख्या हजार करीब पेट्रोल सब्सिडी सियासतः गरीबों शुरू योजना शुरू सियासत तीन महीने योजना लोगों उदासीनता सामने विपक्ष सरकार हमला बोलने मौका मिल बीजेपी प्रदेश प्रवक्ता प्रतुल शाहदेव सरकार मंशा सवाल खड़ा गरीबों सब्सिडाइज्ड रेट सरकार पेट्रोल देना नहीं चाह ऐसी जटिल प्रक्रिया बनाया लोग लाभ नहीं ले पाएंगे उन्होंने जागरुकता फैलाने काम सरकार विभाग योजनाओं खुब प्रचार करती पेट्रोल सब्सिडी चुप आखिर सरकार सहयोगी कांग्रेस जागरुकता कमी कारण सब्सिडी लाभ लेने वालों संख्या स्वीकारते संगठन सरकार स्तर जागरुकता कार्यक्रम चलाने बात कही कांग्रेस नेता राजीव रंजन बीजेपी आरोप पलटवार बीजेपी लोगों जागरूक आना ना सिर्फ सिर्फ राजनीति करनी चाहिएपेट्रोल सब्सिडी सियासतः बीजेपी वार कांग्रेस पलटवार,politics
बताया नरेंद्र मोदी गुजरात मुख्यमंत्री मनोज सोनी भाषण लेखकों नरेंद्र मोदी नज़दीकी चलते छोटे मोदी यूपीएससी अध्यक्ष तौर नियुक्ति विभिन्न आयोगों केंद्रीय संस्थानों भगवाकरण रूप देखा दिल्लीः संघ लोक सेवा आयोग यूपीएससी अध्यक्ष मनोज सोनी भाजपा राष्ट्रीय स्वयंसेवक संघ करीबी संबंध गुजरात धार्मिक संप्रदाय जुड़े माना नरेंद्र मोदी गुजरात मुख्यमंत्री मनोज सोनी भाषण लेखकों नरेंद्र मोदी करीबी छोटे मोदी सोनी इससे वडोदरा यूनिवर्सिटी वाइस चांसलर चुके संभालने देश सबसे उम्र शख्स ख़बरों मुताबिक उन्होंने वाइस चांसलर रूप भाजपा लोगों यूनिवर्सिटी महत्वपूर्ण फैसलों प्रभावित अनुमति दी दूसरी सर्च थर्ड स्पेस किताब सोनी हिंदुत्व नैरेटिव अनुरूप गुजरात दंगों तोड़मरोड़कर पेश सोनी स्वामीनारायण संप्रदाय अनुपम मिशन जुड़े जनवरी निष्कर्म कर्मयोगी उपाधि दी टाइम्स इंडिया रिपोर्ट मुताबिक साधारण पृष्ठभूमि ताल्लुक रखने सोनी मुंबई अगरबत्ती बेचने यूनिवर्सिटी देश सबसे उम्र कुलपति बनने शैक्षणिक योग्यता बात उन्होंने इंटरनेशनल रिलेशंस स्टडीज विशेषज्ञता राजनीति विज्ञान पढ़ाई उन्होंने बारहवीं विज्ञान परीक्षा रहने राज रत्न पीटी पटेल कॉलेज आर्ट्स पढ़ाई उन्होंने पोस्टकोल्ड वार इंटरनेशनल सिस्टमैटिक ट्रांजिशन शीर्षक भारतअमेरिका संबंधों पीएचडी डिग्री हासिल उन्होंने पढ़ाई सरदार पटेल यूनिवर्सिटी पढ़ाया पढ़ाई अनुपम मिशन फंडेड डॉक्टरेट शोध बारे बताते यूपीएससी सोनी प्रोफाइल लिखा अध्ययन यूपीएससी मुताबिक शोध अंडरस्टैंडिंग ग्लोबल पॉलिटिकल अर्थक्वेक शीर्षक किताब रूप प्रकाशित पूर्व यूपीएससी अध्यक्ष आमतौर प्रख्यात शिक्षाविद जिनका बेहतरीन अकादमिक पेशेवर रिकॉर्ड अक्सर नौकरशाह सोनी अखिल भारतीय सेवाओं नियुक्तियों जिम्मा संभालेंगे ऐसी आशंका फैसले राजनीतिक रूप प्रभावित होंगे महत्वपूर्ण पदों विशेष विचारधारा जुडे़ लोगों नियुक्तियां होंगी वायर बातचीत दिल्ली यूनिवर्सिटी शिक्षक स्तंभकार अपूर्वानंद शख्स यूपीएससी अध्यक्ष पदोन्नति स्पष्ट अर्थ संस्थान आमतौर राजनीतिक विचारधाराओं मुक्त निष्पक्ष नियुक्तियां नहीं होंगी स्पष्ट लेटरल एंट्रीज शुरू महत्वपूर्ण पदों नियुक्तियां निश्चित विचारधारा लोगों होंगीयूपीएससी अध्यक्ष मनोज सोनी भाजपा क़रीबी संबंध,politics
मुरादाबादवरिष्ठ संवाददाता निगम कार्यकारिणी चुनाव शनिवार होगा कार्यकारिणी भाजपा तीन समेत पार्षद सदस्य सिरे चुने जाएंगे भाजपा तीन सपा कांग्रेस सदस्य कार्यकाल चुका लिहाजा सदस्यों चुनावी प्रक्रिया शुरु होगी सदस्यों नामों तीनों दलों मंथन हालांकि कार्यकारिणी चुनाव राय सहमति बनाने प्रयास कार्यकारिणी सबसे मंथन भाजपा मेयर अलावा कार्यकारिणी बारह सदस्य भाजपा इनमें तीन कार्यकाल चुका भाजपा तीन पार्षदों कार्यकारिणी शामिल जाएगा सपा सदस्य कांग्रेस होगा दलों नाम सियासी दलों नेता सोच विचार डूबे दिन दलों चला मंथन भाजपा कार्यकारिणी उपाध्यक्ष राजेश गुप्ता प्रभात सक्सेना प्रेम प्रजापति हटने सहमति नामों विचार शुक्रवार मेयर कैंप कार्यालय मेयर विनोद अग्रवाल महानगर अध्यक्ष धर्मेन्द्र मिश्रा भाजपाइयों विचार विमर्श कांग्रेस पार्षद नदीम नाम सहमति चुकी सपा पार्षद होंगे शामिल होंगे सपा नामों मंथन नाम वापसी जाएगी कार्यकारिणी तस्वीर मुरादाबाद शनिवार सुबह कार्यकारिणी चुनाव होगा मेयर विनोद अग्रवाल कहना पीलीकोठी कैंप आफिस सुबह बजे प्रक्रिया शुरू होगी सुबह बजे नामांकन होगा बजे नाम वापसी रखा जाएगा हालांकि जानकारों कहना कार्यकारिणी नामांकन नाम वापसी कार्यकारिणी तस्वीर जाएगी हालांकि सपा रुख चुनाव दुविधा हिन्दुस्तान ईसमाचार पत्र क्लिक निगम कार्यकारिणी सदस्यों शनिवार होगा चुनाव,politics
दिल्ली वरिष्ठ संवाददाता मुख्यमंत्री अरविंद केजरीवाल निवास तोड़फोड़ आरोपी भाजपा कार्यकर्ताओं बार सियासत गर्मा शुक्रवार दिल्ली प्रदेश भाजपा कार्यकर्ताओं स्वागत सम्मान तोड़फोड़ आरोप जेल भेजा कार्यकर्ताओं हाल जमानत मिली कार्यकर्ताओं सम्मान आदमी पार्टी भाजपा निशाना साधा आदमी पार्टी विधायक आतिशी भाजपा आरोप लगाया भाजपा गुंडों असामाजिक तत्वों संरक्षण देती आतिशी मुख्यमंत्री निवास तोड़फोड़ लोगों सम्मानित करके भाजपा संदेश तोड़फोड़ गुंडई कार्यकर्ताओं सम्मानित करेगी बढ़ाएगी पत्रकारों बातचीत आतिशी इससे साफ भाजपा देश माहौल बनाना चाहती असली चेहरा उन्होंने पहला मामला नहीं दिन करावल यूजीआर तोड़फोड़ उससे मनीष सिसोदिया तोड़फोड़ दिसंबर जलबोर्ड दफ्तर तोड़फोड़ कार्यकर्ताओं स्वागत प्रदेश भाजपा अध्यक्ष आदेश गुप्ता कार्यकर्ताओं सम्मान समारोह विरोध प्रदर्शन अपराध नहीं मुख्यमंत्री अरविंद केजरीवाल कश्मीरी पंडितों दिए बयानों प्रदर्शन जिसके हमारे कार्यकर्ताओं जेल भेजा कार्यकर्ताओं जमानत मिल जिसके हमनें सम्मान हिन्दुस्तान ईसमाचार पत्र क्लिक epaperlivehindustancomमुख्यमंत्री निवास तोड़फोड़ आरोपियों सम्मान,politics
धौलपुर राजाखेड़ा विधानसभा क्षेत्र विधायक रोहित बोहरा होली मिलन समारोह निजी प्रतिष्ठान शिरकत पहुंचे खेल मंत्री अशोक चांदना गहलोत सरकार उपलब्धियों बखान चांदना बिना नाम इशारों भाजपा निशाना साधते मजहबी सियासत आरोप लगाया धौलपुर राजाखेड़ा विधानसभा क्षेत्र कांग्रेसी विधायक रोहित बोहरा आयोजित होली मिलन समारोह आयोजित शिक्षा मंत्री बीडी कल्ला पीडब्ल्यूडी मंत्री लाल जाटव खेल मंत्री अशोक चांदना राज्य सरकार कल्याणकारी योजनाओं बखान खेल मंत्री अशोक चांदना मीडिया बातचीत बिना नाम भारतीय जनता पार्टी निशाना साधा उन्होंने प्रायोजित लोग जिनकी रोजीरोटी दंगों चलती चांदना प्रायोजित लोग प्रदेश माहौल बना राजनीति चलती उन्होंने देश प्रकार इकनॉमी गिर महंगाई बढ़ सबके ताकतें प्रयास करती समाज ध्यान भटका सांप्रदायिकता जोड़ा राजस्थान भाईचारा सांप्रदायिक सौहार्द हमेशा बना उन्होंने सूबे मुख्यमंत्री अशोक गहलोत नेतृत्व प्रकार हिंसा वारदात सख्ती निपटा जाएगा इससे उन्होंने खेल क्षेत्र राज्य सरकार सराहनीय काम विशेषकर ग्रामीण क्षेत्र लाख हजार खिलाड़ियों मौका जाएगा जिसके राज्य सरकार करोड़ स्वीकृत हैAshok खेल मंत्री अशोक चांदना इशारों बीजेपी साधा निशाना मजहबी सियासत,politics
दिल्ली टीम डिजिटल स्वच्छ भारत मिशन दृष्टिकोण आजादी अमृत महोत्सव दिल्ली नगरपालिका परिषद एनडीएमसी पार्कों उद्यानों विकसित शुरूआत दी नेहरू पार्क सैर वालों प्रशंसा मिलने एनडीएमसी पार्कों पैटर्न विकसित निर्णय जिसके जहां संजय झील लोधी गार्डन सिंथेटिक ईपीडीएम ट्रैक बनाया जाएगा नेहरू पार्क दौडऩे विशेष रूप रनिंग सिंथेटिक ईपीडीएम टै्रक बनेगा जानकारी शुक्रवार एनडीएमसी उपाध्यक्ष सतीश उपाध्याय दी बिटुमिनस कंक्रीट वॉकवे सिंथेटिक ईपीडीएम जॉगिंग ट्रैक प्रदान जाएगा उपाध्याय परियोजना विवरण देते सिंथेटिक ईपीडीएम ट्रैक जॉगिंग ट्रैक क्षतिग्रस्त रेड्स स्टोन फ्लोरिंग फैंसी कर्ब स्टोन हटाने मौजूदा पैदल मार्ग उपलब्ध कराया जाएगा उन्होंने वॉकवे लंबाई मीटर मीटर चौड़ी सिंथेटिक ईपीडीएम जॉगिंग ट्रैक लोधी गार्डन मौजूदा रेड्स स्टोन फ्लोरिंग वॉकवे परेशान बिना मौजूदा बिटुमिनस कंक्रीट वॉकवे सिंथेटिक ईपीडीएम जॉगिंग ट्रैक प्रदान जाएगा मौजूदा कच्चा पैदल मार्ग उपयोग लाल पत्थर ट्रैक डायवर्सन जाएगा लाल पत्थर पैदल मार्ग समानांतर उन्होंने पैदल मार्ग लंबाई मीटर चौड़ाई साइट उपलब्ध अनुसार मीटर मीटर होगी स्पाइक्स जूते उपयोग ट्रैक नुकसान उपाध्याय उपाध्याय बताया नेहरू पार्क सिंथेटिक ईपीडीएम जॉगिंग ट्रैक क्रियान्वयन सिंथेटिक ईपीडीएम रनिंग ट्रैक विशेष रूप दौडऩे बनाया जाएगा क्योंकि नेहरू पार्क एथलीटोंछात्रोंधावकों सहित फुटफॉल काफी वृद्धि स्पाइक्स जूते उपयोग ट्रैक नुकसान रनिंग ट्रैक मिमी मोटी पूर्ण पीयू ईपीडीएम सिंथेटिक ट्रैक बना क्योंकि शीर्ष मिमी मोटी निर्माण नेहरू पार्क सार्वजनिक उपयोग सार्वजनिक उपयोग पहली बार लेन मीटर लंबाई चलने जाएगा सिंथेटिक रनिंग ट्रैक जनता स्टेडियम एथलेटिक ट्रैक रूप अच्छा होगा खिलाडिय़ों जाएगा पर्यावरण अनुकूल होंगे जॉगिंग ट्रैक उपाध्याय बताया टेराकोटा रंग आरामदायक सैर धूल मुक्त ट्रैक पर्यावरण अनुकूल जॉगिंग ट्रैक होगा उन्होंने बताया मौजूदा पेड़ों परेशान नहीं जाएगा मौजूदा पेड़ों आसपास उचित सांस लेने छोड़ी जाएगी परियोजनाओं अनुमानित लागत लोधी गार्डन करोड़ रुपए संजय झील करोड़ रुपए नेहरू पार्क लाख रुपए होगी निविदा औपचारिकताएं पूरी जल्द कार्य सौंपा जाएगाएनडीएमसी पार्क विकसित सिंथेटिक ईपीडीएम ट्रैक,politics
दिल्ली प्रमुख संवाददाता शैक्षिक सत्र स्कूल मैनेजमेंट कमेटी एसएमसी कार्यप्रणाली बेहतर उद्देश्य शुक्रवार मुख्यमंत्री मनीष सिसोदिया अध्यक्षता बैठक हुईस्कूल मैनेजमेंट कमेटी अधिक मजबूत बनाने जरूरत सिसोदिया,politics
सीएम धामी ना उत्तरकाशी मा करि बिस्सू मेला कू शुभारंभ गणेश जोशी ना राहुल सोनिया गांधी साधी निशाना राजकीय बीडी पांडे अस्पताल मा सिटी स्कैन मशीन कू शुभारंभ गणेश जोशी आवास कू घेराव करलि महिला कांग्रेस एडीआरएम मुरादाबाद ना ऋषिकेश रेलवे स्टेशन कू करि निरीक्षण पैढ़ा दिनभरै खास क्लिक मा सीएम धामी ना उत्तरकाशी मा करि बिस्सू मेला कू शुभारंभ मुख्यमंत्री पुष्कर सिंह धामी ना उत्तरकाशी जखोल पौंचि सोमेश्वर मंदिर मा आयोजित बिस्सू मेला कू करि शुभारंभ अपणा संबोधन मा सीएम धामी ना बोली मेला खेला छिन हमरी लोकसंस्कृति संवाहक रवाई जौनसार लोकसंस्कृति अपणी विशेष पहचान गणेश जोशी ना राहुल सोनिया गांधी साधी निशाना उत्तराखंड कृषि मंत्री गणेश जोशी ना मसूरी मा आयोजित कार्यक्रम मा कांग्रेस निशाना साधी गणेश जोशी ना अपणा संबोधन मा कांग्रेस थै बताई डूबदु जहाज कांग्रेस पूर्व राष्ट्रीय अध्यक्ष राहुल गांधी थै जोशी ना बोली पप्पू सोनिया गांधी थै बताई बबली राजकीय बीडी पांडे अस्पताल मा सिटी स्कैन मशीन कू शुभारंभ नैनीताल राजकीय बीडी पांडे अस्पताल मा सिटी स्कैन मशीन कू शुभारंभ स्वास्थ्य मंत्री डॉ सिंह रावत ना वीडियो कॉन्फ्रेंसिंग जरिये सिटी स्कैन मशीन कू करि विधिवत शुभारंभ करोड़ लागत अस्पताल मा स्थापित किये ग्या सीटी स्कैन मशीन डॉक्टरों थै मेडिकल कॉलेज श्रीनगर ना करि रिलीव उत्तराखंड सरकारी अस्पतालों मा जल्द डॉक्टरों कमी होली मेडिकल कॉलेज श्रीनगर डॉक्टरों ना पूरी करि अपणी जेआरशिप यि हॉक्टर सीएचसी पीएचसी अस्पतालों मा द्याला सेवा डॉक्टरों थै मेडिकल कॉलेज किये ग्या रिलीव गणेश जोशी आवास कू घेराव करलि महिला कांग्रेस कैबिनेट मंत्री गणेश जोशी राहुल सोनिया गांधी कईं टिप्पणी कांग्रेसियों मा आक्रोश भौल कांग्रेस महिला मोर्चा अपणा राष्ट्रीय नेताओं दियां बयान गणेश जोशी आवास कू करलि घेराव महिला कांग्रेस ना अपणा बयान गणेश जोशी करि माफी मंगणा मांग एडीआरएम मुरादाबाद ना ऋषिकेश रेलवे स्टेशन कू करि निरीक्षण योग नगरी रेलवे स्टेशन बनणा व्यवस्थाओं थै नजरअंदाज कना छिन अधिकारी साफ सफै सुरक्षा तका रेलवे स्टेशन मा नि छिन पुख्ता इंतजाम एडीआरम मुरादाबाद निरीक्षण ऋषिकेश रेलवे स्टेशन मा दिखिन भारी अव्यवस्थाएं एडीआरएम ना अधिकारियों थै व्यवस्था बनाण दिनी निर्देश पौड़ी मा महिलाओं ना ईश्रम पोर्टल शिविर मा करि हंगामा जिला मुख्यालय पौड़ी मा श्रम पोर्टल पंजीकरण शिविर मा दिखेन भारी अनियमितताएं शिविर मा अधिकारियों रवैया नाखुश दिखिन महिलाएं दूराज शिविर मा पौंचि महिलाओं ना करि हंगामा अधिकारियों थै सुणाई खरी खोटी नैनीताल मा पर्यटकों कार दुर्घटनाग्रस्त दिल्ली नैनीताल घूमणा खुण अयां पर्यटकों कार दुर्घटनाग्रस्त घायलों थै स्थानीय लौखु भेजे ग्या अस्पताल कार मा दंपति ऊकूं छुटु लड़का छाई सवार भवाली पास ह्ववाई यू सड़क हादसा सबि घायलों हालत खतरा भैर बेरीनाग हरीश ना मा जितिन करोड़ रुपये बेरीनाग राईआगर निवासी हरीश कन्हैया रात मा बणगिन करोड़पति ड्रीम इलेवन आईपीएल टीम बणेकि हरीश ना जीती करोड़ धनराशि राईआगर मा चाई दुकान चलांदा छिन हरीश पंजाब किंग्स मुंबई इंडियन हुयां मैच मा हरीश ना जीतिन करोड़ रुपया केदारनाथ मा पिछला द्वि दिनों हुणी बर्फबारी पिछला द्वि दिनों केदारनाथ धाम मा रुक रुककर हुणि बर्फबारी मा बार केदारधाम ना ओढ़ी बर्फ चादर वखि यात्रा शुरू हुण पेलि बर्फबारी ना तैयारियों मा डाली दिन खुलला केदारनाथ धाम कपाटअपणुं उत्तराखंडः दिनभरै खास मा,politics
शिमला योगराज हिमाचल दिवस मौके मुख्यमंत्री जयराम ठाकुर प्रदेश जनता यूनिट फ्री बिजली ग्रामीण क्षेत्रों मुफ्त पानी देने वायदा अलावा महिलाओं किराए प्रतिशत छूट देने ऐलान घोषणाओं भाजपा आदमी पार्टी निशाने सीएम जयराम गईं घोषणाओं दिल्ली मुख्यमंत्री अरविंद केजरीवाल निशाना साधा उन्होंने ट्वीट लिखा दिल्ली करके हिमाचल भाजपा सरकार घोषणाएं भाजपा ऐलान भाजपा शासित राज्यों करे नहीं लोग मानेंगे खौफ चुनाव फर्जी घोषणाएं चुनाव घोषणाओं वापस ले लेंगे हिमाचल भाजपा खौफ दिल्ली लोगों गुमराह जयराम केजरीवाल,politics
जयपुर अप्रैल राजस्थान मुख्यमंत्री अशोक गहलोत शुक्रवार डूंगरपुर जिले गुजरात सटे रतनपुर बॉर्डर कांग्रेस आजादी गौरव यात्रा हिस्सा आजादी गौरव यात्रा सम्बोधित सीएम अशोक गहलोत सचिन पायलट बगावत चलते पैदा राजस्थान सियासी संकट याद भाजपा नेताओं आड़े हाथ सीएम गहलोत पायलट खेमे बगावत राजस्थान अमित शाह जोधपुर एमपी गजेंद्र सिंह शर्म नहीं जोधपुर हूं मुझे मुख्यमंत्री बनने मौका मिला सरकार गिराने कोशिश मेरी सरकार गिराने अमित शाह धर्मेंद्र प्रधान गजेंद्र शेखावत हमारी पार्टी तोड़फोड़ करनी शुरू दी राजस्थान मुख्यमंत्री अशोक गहलोत इससे अच्छा निकम्मे काम नहीं राजस्थान लॉ एंड ऑर्डर खराब ब्रेक डाउन राजस्थान सरकार भंग देते खरीदकर देश कहां ले जाना चाहते मोदीजी अमित शाह दोष लगा देश इतिहास काले अक्षरों लिखा जाएगा मिटा नहीं सीएम अशोक गहलोत अमित शाह आड़े हाथ लेते गृह मंत्री जहां सरदार पटेल बैठे वहां बैठे करतूतें विधायक खरीदकर सरकारें गिराओ वोटों माध्यम नहीं पैसों जरिए खरीदो राज्यसभा चुनाव खरीदकर राज्यसभा सीट जीतो मध्य प्रदेश सरकार चुनी आपने करोड़ खरीदकर सरकार गिरा दी कहां लोकतंत्र सीएम अशोक गहलोत बोले गांधी पटेल अंबेडकर इस्तेमाल अमित शाह गजेंद्र शेखावत राजस्थान कांग्रेस तोड़फोड़ शुरू दी थीCM गहलोत,politics
सीएम नीतीश कुमार बेगूसराय पेप्सी बॉटलिंग प्लांट उद्घाटन उन्होंने उद्योग पहली बार स्थापित उद्घाटन प्लांट शुरुआत चुकी पढ़ें रिपोर्ट नीतीश बोले केंद्र सरकारों उद्योग नहीं बड़ीबड़ी फैक्ट्रियां सीएम नीतीश कुमार बेगूसराय पेप्सी बॉटलिंग प्लांट उद्घाटन उन्होंने उद्योग पहली बार स्थापित उद्घाटन प्लांट शुरुआत चुकी पढ़ें रिपोर्ट पटना खून मिली लड़की सनकी आशिक पैर लिखा पटना पुलिस घायल अवस्था युवती बरामद पीड़िता रहने वाली बताई पुलिस गंभीर रूप घायल युवती इलाज गार्डिनर अस्पताल भर्ती कराया लड़की बयान दर्ज पुलिस मामले जांच जुलाई विधान परिषद सीटें होंगी खाली सीटों नुकसान रहेगी बड़ी पार्टी भले बिहार विधान परिषद चुनाव परिणाम भाजपा खाते सबसे सात सीटें जदयू सबसे बड़ी पार्टी रहेगी पढ़ें पूरी बोचहां विधानसभा उपचुनाव शनिवार मतगणना प्रतिष्ठा सवाल सीट बोचहां विधानसभा उपचुनाव रिजल्ट शनिवार घोषित वाला सीट सियासी दलों प्रतिष्ठा सवाल सीट जीत दावे उपचुनाव बीजेपी आरजेडी वीआईपी कड़ा संघर्ष पढ़ें रिपोर्ट दिल्ली पटना पहुंचे मोहन झा बोले राहुल गांधी मुलाकात फिलहाल मंजूर नहीं इस्तीफा बिहार कांग्रेस अध्यक्ष मोहन झा पटना एयरपोर्ट पत्रकारों बातचीत राहुल गांधी मुलाकात उन्होंने मुद्दों बात बातों बातों स्पष्ट इस्तीफा आलाकमान मंजूर नहीं सहरसा सुपर पावर ग्रिड उद्धाटन आरके सिंह बोले बिजली मामले अपग्रेड आत्मनिर्भर बिहार बिहार सहरसा जिले सुपर पावर ग्रिड स्टेशन काम लगा बिहार कोसीसीमांचल बेगूसराय जिले निर्बाध बिजली मिल पायेगी पढ़ें पूरी राम मांझी बयान बोली बढ़ती उम्र दिमाग पड़ा अनापशनाप बोलते हिंदुस्तानी अवाम मोर्चा राष्ट्रीय अध्यक्ष बिहार पूर्व सीएम जीतन राम मांझी भगवान राम अस्तित्व दिए बयान आरजेडी निशाना साधा आरजेडी प्रदेश प्रवक्ता बंटू सिंह मांझी सठिया पढ़ें पूरी बागी सिंह मिले नवनिर्वाचित सारण सच्चिदानंद राय बीजेपी बागी सच्चिदानंद राय जदयू नेता संपर्क उन्होंने फेसबुक सिंह फोटो शेयर बताया पास तमाम विकल्प खुले पढ़ें रिपोर्ट इरफान सिवान जम्मू कश्मीर ले मां साल निकाला देखा नहीं सिवान जिले इरफान हिरासत ले आतंकी संगठन जैशएमोहम्मद आर्म्स सप्लाई आरोप टीम जम्मू कश्मीर ले इरफान मां खुलासा उन्होंने सालों उससे बात नहीं पांच साल भाइयों भगा नीतीश कुमार आवास इफ्तार पार्टी पूरी तैयारी ऐसी व्यवस्था अल्पसंख्यक कल्याण मंत्री जमा खान पिछले दिनों सरकारी आवास इफ्तार पार्टी आयोजन मुख्यमंत्री उसमें बड़ी संख्या नेताओं शिरकत मुख्यमंत्री आवास इफ्तार पार्टी आयोजन रहेगा सीएम इफ्तार पार्टी खास पढ़ें पूरी सनकी आशिक पैर लिखा जानें बड़ी खबरें,politics
हल्द्वानी अप्रैल हिस वरिष्ठ नागरिक जनकल्याण समिति कार्यकारिणी विस्तार सदस्यों संगठन माध्यम सामाजिक कामों बढ़ावा देने जोर समिति नवनिर्वाचित पदाधिकारियों बैठक समिति अध्यक्ष भुवन भास्कर पाण्डे अध्यक्षता सम्पन्न बैठक संचालन समिति महामंत्री पद्मादत्त पाण्डे महामंत्री निर्वाचित मनोनीत सदस्यों बधाई देते सहयोग अपेक्षा महामंत्री सामूहिक प्रयास संस्था भलाई अच्छा कार्य अध्यक्ष भुवन भास्कर पाण्डे उपस्थित सदस्यों स्वागत कार्यकारिणी विस्तार चर्चा समिति संविधान अनुसार कार्यकारिणी सदस्यों मनोनयन जाना सर्वसम्मति मोहन सिंह जंतवाल डीके पाण्डे श्रीमती प्रेमा जोशी रैब एचपी जोसेफ इन्द्र सिंह निगल्टिया विपिन चन्द्र बिष्ट मोहन भण्डारी कार्यकारिणी मनोनीत बैठक समिति संयुक्त सचिव दिनेश चन्द्र पंतोला कोषाध्यक्ष प्रताप सिंह जंतवाल आयव्यय निरीक्षक आनंद सिंह भाकुनी सहित अनेक सदस्य उपस्थित हिन्दुस्थान समाचारअनुपम गुप्तावरिष्ठ नागरिक जनकल्याण समिति कार्यकारिणी विस्तार,politics
दिल्ली अप्रैल मशहूर म्यूजिक कंपोजर गीतकार इलैयाराजा प्रधानमंत्री नरेंद्र मोदी संविधान निर्माता डॉक्टर भीमराव अंबेडकर समानताओं बारे लिखा इलैयाराजा अंबेडकर एंड मोदी रिफॉर्मर्स आइडियाज परफॉर्मर्स इम्प्लीमेंटेशन नाम किताब प्रस्तावना नरेंद्र मोदी डॉ अंबेडकर समानताएं खींची काफी चर्चा किताब ब्लूक्राफ्ट डिजिटल फाउंडेशन प्रकाशित किताब प्रस्तावना इलैयाराजा लिखते बुक अंबेडकर एंड मोदी रिफॉर्मर्स आइडियाज परफॉर्मर्स इम्प्लीमेंटेशन डॉ बीआर अंबेडकर प्रधान मंत्री नरेंद्र मोदी व्यक्तित्व सी समानताएं सामने लाती व्यक्तित्वों बाधाओं सफलता हासिल जिनका सामना सामाजिक रूप कमजोर वर्गों लोग गरीबी मुश्किलों सामाज गैरबराबरी करीब देखा खत्म काम भारत सपना देखा शख्यिसत व्यावहारिक केवल विचारों विश्वास ना करके एक्शन कार्रवाई विश्वास इलैयाराजा लिखा डॉ अंबेडकर पीएम मोदी महिलाओं समर्थन लाए ट्रिपल तलाक कानून बेटी बचाओ बेटी पढाओ जैसी योजनाओं देखकर निश्चित गर्व क्योंकि उद्देश्य सामाजिक परिवर्तन किताब गुरुवार आंबेडकर जयंती मौके रिलीज पब्लिकेशन डॉ भीमराव आंबेडकर काम पीएम नरेंद्र मोदी आदर्शों आधार न्यू इंडिया बनाया जाना किताब बताया हालांकि किताब सामने आते सोशल मीडिया इसको राय सामने पीएम मोदी भुज केके पटेल सुपर स्पेशियलिटी अस्पताल उद्घाटन बोले मेडिकल तेजी काम oneindiacomइलैयाराजा नरेंद्र मोदी डॉ अंबेडकर बताई समानताएं किताब प्रस्तावना लिखी बातें,politics
बंगाल पैटर्न झारखंड सरकार सांसद संवाद सहयोगीसारठ देवघर दुमका लोकसभा भाजपा सांसद सुनील सोरेन मीडिया वर्तमान झारखंड सरकार बंगाल पैटर्न हैबंगाल पैटर्न झारखंड सरकार सांसद,politics
कर्नाटक ठेकेदार संतोष पाटिल खुदकुशी मामला भाजपा गले फांस हालांकि विवादों घिरकर इस्तीफा देने मामला नया नहीं पिछले साल रमेश जारकीहोली मंत्री इस्तीफा बेंगलुरु कर्नाटक ठेकेदार संतोष पाटिल खुदकुशी मामले सियासत तेज सीएम बसवराज बोम्मई कैबिनेट सहयोगी केएस ईश्वरप्पा इस्तीफे दबाव कर्नाटक राजनीति आरोपों घिरकर इस्तीफा देने मामला नया नहीं पिछले साल मार्च महीने आरोपों घिरे कर्नाटक पूर्व मंत्री रमेश जारकीहोली बीएसवाई कैबिनेट इस्तीफा दे दक्षिण भारत एकमात्र भाजपा नेतृत्व वाली सरकार साल भाजपा झटका ठेकेदार संतोष पाटिल कर्नाटक मंत्री केएस ईश्वरप्पा भ्रष्टाचार आरोप लगाया अप्रैल उडुपी लॉज मृत मिले शुरुआती जांच मौत कारण आत्महत्या विपक्षी कांग्रेस मंत्री हटाने भाजपा शासन दबाव बनाया केपीसीसी ईश्वरप्पा कैबिनेट हटाने मांग विरोध प्रदर्शन गौरतलब संतोष पाटिल प्रधानमंत्री नरेंद्र मोदी संबोधित महीने पत्र लिखा आरोप लगाया ईश्वरप्पा बकाया विकास कार्यों बिलों भुगतान नहीं उन्होंने भाजपा नेता भ्रष्टाचार अनियमितताओं लिप्त आरोप लगाया ईश्वरप्पा आरोपों इनकार आधारहीन आरोप लगाने पाटिल मानहानि मुकदमा दायर रमेश जारकीहोली इस्तीफा पिछले साल कर्नाटक पूर्व मंत्री रमेश जारकीहोली तत्कालीन बीएस येदियुरप्पा नेतृत्व वाली भाजपा सरकार संसाधन मंत्री रूप इस्तीफा यौन उत्पीड़न आरोप लगाया रमेश जारकीहोली वीडियो सामने आया कथित रूप युवती आपत्तिजनक स्थिति दिखाया पढ़ें ईश्वरप्पा दर्ज भ्रष्टाचार मामला जाए गिरफ्तारी कर्नाटक कांग्रेस पढ़ें मंत्री ईश्वरप्पा देंगे इस्तीफा जांच होगा खुलासा मुख्यमंत्री बोम्मईजारकीहोली सालभर भाजपा झटका,politics
बिहार पूर्व मुख्यमंत्री जीतनराम मांझी राम भगवान नहीं मांझी राम रामचरित मानस रामायण लिखित पात्र बताया उन्होंने वो राम विश्वास नहीं रखते भगवान नहीं मानते पटना राम भगवान नहीं वो तुलसीदास वाल्मीकि रचना पात्र कहना बिहार पूर्व मुख्यमंत्री जीतनराम मांझी हिंदुस्तानी आवाम मोर्चा प्रमुख जीतनराम मांझी राम अस्तित्व नकारते पुस्तक रचना परिभाषित किये पात्र तौर बताते वो राम विश्वास नहीं रखते भगवान नहीं मानते बिहार भाजपाजदयू गठबंधन शामिल मांझी तुलसीदास वाल्मीकि सुंदर रचना राम रूप अच्छे चरित्र वर्णन बिहार भाजपा सहयोगी जीतनराम माझी बात बाबा साहेब भीमराव अंबेडकर जयंती आयोजित कार्यक्रम गुरुवार कही समाचार चैनल एनडीटीवी मुताबिक मांझी समाज फैले जातिगत विषमताओं प्रहार राम विश्वास राम शबरी जूठे किये बेर खाया सवर्ण जूठा नहीं कायेगा हमारे पैदा किये अनाज पेट भरता ब्राह्मणी सामंती व्यवस्था चोट जीतनराम मांझी दुनिया सिर्फ जातियां उनमें अमीर गरीब माझी ब्राह्मणों दलितों किये भेदभाव जिक्र इससे अक्टूबर जीतनराम मांझी दिल्ली आयोजित हिंदुस्तानी आवाम मोर्चा राष्ट्रीय कार्यकारिणी बैठक राम विवादित टिप्पणी राम गुना महान संत वाल्मीकि राम वाल्मीकि रचना चरित्र मांझी वाल्मीकि रामायण सत्य आधारित नहीं वो राम देवता मानने इनकार मांझी टिप्पणी काफी विवाद जिसके मांझी राम निजी विचार इससे दुखी नहीं मालूम बाबा साहब जयंती राम टिप्पणी दिल्ली जेएनयू गुजरात मध्य प्रदेश झारखंड पश्चिम बंगाल रामनवमी हिंसक झड़पें रामनवमी जुलूस हिंसा मौत दर्जनों लोगों घायल सूचना हैराम चरित्र काल्पनिक राम शबरी जूठे बेर खाए सवर्ण खाएगा जीतम राम मांझी,politics
दिल्लीः बिहार पूर्व सीएम जीतन राम मांझी विवादित बयान चलते चर्चा जमुई जिले सिकंदरा भीमराव अंबेडकर जयंती मौके शामिल मांझी लोगों संबोधित भगवान राम सवाल उठा दिए उन्होंने संबोधन राम भगवान नहीं उन्होंने रामायण लिखने वाल्मीकि तुलसीदास मानते राम नहीं जानते जीतन राम मांझी यहीं नहीं रुके उन्होंने राम भगवान थोड़े तुलसीदास बाल्मीकि रामायण पात्र उन्होंने समारोह संबोधित पूजा पाठ नहीं उन्होंने अनुसूचित जाति लोगों पूजा पाठ देना राम नहीं मानता राम भगवान नहीं जनता संबोधन जीतन राम मांझी विवादित बयान,politics
जेएनएन उत्तर प्रदेश विधानसभा चुनाव कांग्रेस हार समीक्षा पार्टी महासचिव पूर्व केंद्रीय मंत्री भंवर जितेंद्र सिंह चुनाव परिणाम पार्टी अपेक्षा अनुसार नहीं कांग्रेस अध्यक्ष सोनिया गांधी निर्देश प्रदेश पार्टी कार्यकर्ताओं चुनाव लड़ने प्रत्याशियों बात जानने आया हूं हमारे प्रयास कहां कमी दुरुस्त जाए ताकि आने लोकसभा चुनाव बेहतर सकें प्रदेश कांग्रेस मुख्यालय मीडिया मुखातिब जितेंद्र सिंह अगले पांच दिनों प्रदेश विभिन्न हिस्सों जाकर पार्टी कार्यकर्ताओं मिलेंगे प्लान रोडमैप तैयार करेंगे उन्होंने प्रक्रिया दोषारोपण नहीं नंबर चुनाव लड़ना सबकी सामूहिक जिम्मेदारी स्क्रीनिंग कमेटी अध्यक्ष नाते मेरी जिम्मेदारी कार्यकर्ता मेरी समीक्षा करेंगे उन्होंने पांच राज्यों विधानसभा चुनाव देखा राजनीति कितनी गिरावट भाजपा धार्मिक जातीय आधार चुनाव ध्रुवीकरण कोशिश संविधान अनादर बात जनता नहीं पहुंचा पाए कोरोना नाम वर्षों कुशासन देखा हमारी नेता प्रियंका गांधी वाड्रा उत्तर प्रदेश मेहनत सपनों साकार करेंगे प्रमुख मोहन भागवत अखंड भारत टिप्पणी उन्होंने अखंड भारत परिभाषा वही जानें मोहन भागवत विद्वान टिप्पणी करूं पिछले पांच वर्षों भाजपा सरकार महंगाई बेरोजगारी दी सबने देखा वर्षों देश तबाह जाएगा महिलाओं प्रतिशत टिकट देने सवाल उन्होंने महिला सशक्तिकरण दिशा क्रांतिकारी कांग्रेस छोड़ने नेताओं सवाल मंत्री एमपी बनना प्रवर्तन निदेशालय दबाव विभिन्न कारणों लोग पार्टी छोड़कर भाजपा उन्होंने चुनाव हार कारणों वजहें टिकट वितरण नहीं पायायूपी विधानसभा चुनाव कांग्रेस हार समीक्षा पहुंचे पूर्व केंद्रीय मंत्री भंवर जितेंद्र सिंह,politics
दिल्ली बिजेंद्र बंसल हरियाणा कांग्रेस बदलाव संकेत मिलते राााज्‍के वरिष्‍ठ नेता सक्रिय पार्टी नेतृत्‍व कोशिश हरियाणा कांग्रेस एकजुट रखने पार्टी संगठन बदलाव इसको ध्‍यान हरियाणा कांग्रेस नेता एकजुट रहने बजाय हाईकमान दरबार गोटियां फिट जुटे कुलदीप बिश्‍नोई पार्टी राष्‍ट्रीय अध्‍यक्ष सोनिया गांधी मुलाकात अन्‍य नेता दिल्‍ली सक्रिय भूपेंद्र सिंह हुड्डा पुत्र दीपेंद्र सिंह हुड्डा दिल्‍ली केंद्रीय नेताओं मिले राज्य कांग्रेस संगठन बदलाव पार्टी दिग्गज नेता दिल्ली सक्रिय गुरुवार दिल्ली विधायक कुलदीप बिश्नोई राष्ट्रीय अध्यक्ष सोनिया गांधी मुलाकात नेताओं तुरंत गाेटियां फिट जुट पूर्व सीएम भूपेंद्र सिंह हुड्डा पुत्र दीपेंद्र हुड्डा पार्टी केंद्रीय नेताओं मिल हरियाणा कांग्रेस शांत नया फार्मूला होगा सामूहिक नेतृत्‍व बनेंगे तीन कार्यकारी अध्‍यक्ष हुड्डा समर्थक विधायकों दिल्ली डेरा डाला नेता सोनिया गांधी राष्ट्रीय संगठन महासचिव केसी वेणुगोपाल मिलेंगे इनमें एनआइटी विधानसभा क्षेत्र कांग्रेस विधायक नीरज शर्मा सप्ताह सोनिया गांधी सहित वेणुगोपाल मिल चुके बताया नीरज शर्मा भ्रष्टाचार उठाए मुद्दे बहाने केंद्रीय नेताओं मिल बताया उन्‍होंंने संगठन बदलाव चर्चा बता दें मार्च कांग्रेस नेता राहुल गांधी हरियाणा कांग्रेस दिग्गज नेताओं दिल्ली आवास बुलाकर एकजुट रहने नसीहत दी एकजुट रहने बजाय नेता संगठन बदलाव सक्रिय हरियाणा कांग्रेस अध्‍यक्ष कुमारी सैलजा विरोधी हुड्डा गुट कुलदीप बिश्नोई मानकर प्रदेश कांग्रेस अध्यक्ष बदलाव होगा सीएम मनोहर लाल स्कूल हरियाणा जबरदस्त सियासत भाजपा छिड़ा ट्वीट वार प्रदेश प्रभारी विवेक बंसल हाईकमान बदलाव संबंधी चार विकल्प दिए चर्चा तेज ह‍ो कुमारी सैलजा इस्तीफा देने पेशकश चर्चा कांग्रेस खेमों दूसरी सैलजा समर्थक खुलकर कहने लगे जल्द प्रदेश कांग्रेस संगठन घोषणा होगी तीन चार कार्यकारी अध्यक्ष बनाए हैंहरियाणा कांग्रेस बदलाव संकेत सक्रिय हुुए नेता कुलदीप बिश्‍नोई सोनिया मुलाकात खींचतान तेज,politics
पटना कांग्रेस वरिष्ठ नेता डा मोहन झा इस्तीफा दिये प्रदेश कांग्रेस नये अध्यक्ष तलाश शुरू पार्टी शीर्ष नेतृत्व नये अध्यक्ष कोइ्र संकेत नहीं मिला बावजूद गुटों बटी प्रदेश कांग्रेस नये अध्यक्ष नाम हवा तैरने लगे अनुभवी नेता नाम सहमति नहीं जता पार्टी सही निर्णय सुना देगी पार्टी राष्ट्रीय महासचिव राहुल सोनिया गांधी करीबी पूर्व केंद्रीय मंत्री तारिक प्रभात बातचीत राज्य अध्यक्ष फिलहाल वेसेंसी तारिक बात अंदाजा नहीं मौका मिलने वाला बिहार अध्यक्ष आना चाहेंगे सवाल तारिक जहां खुश पार्टी सही निर्णय सुना देगी जातिगत लामबंदी तेज करीब चार साल बिहार कमान संभालने मोहन झा गुरुवार राहुल गांधी मुलाकात इस्तीफा दे पार्टी सूत्रों दावा नया प्रदेश कांग्रेस अध्यक्ष मुसलमान होगा दलित होगा सवर्णों भूमिहार राजपूत नेताओं लामबंदी पार्टी तबका राहुल गांधी पसंद कन्हैया कुमार बता ब्राह्मण नेता रेस तबका विधायक राजेश कुमार तरफदारी हालांकि जाति अनुभवी नेता दौड़ इनमें कार्यकारी अध्यक्ष श्याम सुंदर सिंह धीरज विधायक नेता अजीत शर्मा नाम ब्राह्मण नेताओं प्रेमचंद मिश्रा विजय शंकर दुबे नाम अटकलें बिहार कांग्रेस मिल पहला महिला अध्यक्ष राजपूत नेताओं अवधेश कुमार सिंह नाम सबसे दलित चेहरों पूर्व लोकसभा अध्यक्ष मीरा कुमार पूर्व मंत्री डा अशोक कुमार नाम चर्चा मीरा कुमार प्रदेश कांग्रेस अध्यक्ष बनाया बिहार कांग्रेस पहली महिला प्रमुख होंगी मुस्लिम समुदाय विधायक शकील खान नाम चर्चा हैंबिहार कांग्रेस नये प्रदेश अध्यक्ष तलाश शुरू तारिक जहां हूं खुश हूं,politics
जीतन राम मांझी राम भगवान नहीं कांग्रेस पलटवार बिहार पूर्व मुख्यमंत्री भगवान राम ऐसी बात दी सवालों घेरे मौके फायदा उठाते कांग्रेस प्रभारी पलटवार बिहार पूर्व मुख्यमंत्री जीतन राम मांझी गुरुवार कार्यक्रम नया विवाद खड़ा डॉ भीमराव अंबेडकर जयंती मौके उन्होंने मंच भगवान राम अस्तित्व सवाल खड़े वाला विवादित बयान जिसके सोशल मीडिया बयान वाला वीडियो वायरल मामले बिहार कांग्रेस प्रभारी भक्त दास मांझी प्रतिक्रिया दी बोले भक्त दास बिहार कांग्रेस प्रभारी भक्त दास जीतन राम मांझी बयान प्रतिक्रिया दी उन्होंने राम काल्पनिक पात्र बताया भक्त दास जीतन राम मांझी गरीबों राजनीति करके पता राम महत्व राम बिना महाकाव्य नहीं थाPolitics जीतन राम मांझी राम भगवान नहीं कांग्रेस पलटवार,politics
कोलकाता राज्य ब्यूरो बंगाल आसनसोल लोकसभा लोस बालीगंज विधानसभा विस सीटों उपचुनावों नतीजे शनिवार घोषित होंगे आसनसोल तृणमूल कांग्रेस टिकट लडऩे जानेमाने अभिनेता राजनेता शत्रुघ्न सिन्हा भाजपा दिग्गज नेत्री अग्निमित्रा पाल सियासी किस्मत फैसला होगा बालीगंज तृणमूल बाबुल सुप्रियो भाजपा केया घोष माकपा सायरा शाह हलीम मुकाबला सीटों अप्रैल मतदान प्रतिशत मतदान बालीगंज प्रतिशत वोट पड़े जगहों मतगणना सुरक्षा पुख्ता इंतजाम आसनसोल सीट बाबुल सुप्रियो भाजपा छोड़कर तृणमूल शामिल सांसद इस्तीफा देने कारण रिक्त बालीगंज सीट तृणमूल कद्दावर नेता राज्य मंत्री सुब्रत मुखर्जी आकस्मिक निधन कारण उपचुनाव सियासी विश्लेषकों कहना बालीगंज लंबे तृणमूल गढ़ बाबुल वहां कड़ी चुनौती दिखती नहीं दूसरी आसनसोल भाजपा सीट बचाने कड़ी चुनौती हालांकि फैसला मतगणना होगा जनता कहां चुना गौरतलब मतदान दिन जगहों हिंसा छिटपुट घटनाएं थीं आसनसोल अग्निमित्रा पाल काफिले पथराव बालीगंज सायरा शाह हलीम कार लोगों हमला मामलों तृणमूल आरोप लगा आसनसोल बाराबनी अग्निमित्रा पुलिसकर्मियों बूथ मौजूद विरोध निकलवाया बालीगंज पाठ माडर्न हाई स्कूल भाजपा प्रत्याशी केया घोष केंद्रीय जवानों थीबिहारी बाबू अग्निमित्रा जनता आशीर्वाद आएंगे आसनसोल बालीगंज उपचुनावों नतीजे,politics
देहरादून राठ विकास समिति शुक्रवार दून स्थित कार्यालय समिति अध्यक्षा दर्शन रावत अध्यक्षता बैठक आयोजित बैठक महासचिव कुलानंद घनशाला बताया कार्यकारिणी कार्यकाल फलस्वरूप अप्रैल कार्यकारिणी निर्णय हैराठ विकास समिति कार्यकारिणी,politics
बेंगलुरू अप्रैल भाषा कर्नाटक सरकार मुख्यमंत्री बसवराज बोम्मई ग्रामीण विकास पंचायत राज मंत्री ईश्वरप्पा बचाने कोशिश आरोप लगाते विपक्षी कांग्रेस शुक्रवार गिरफ्तारी भ्रष्टाचार निरोधक कानून मामला दर्ज मांग कांग्रेस कर्नाटक उच्च न्यायालय सेवारत न्यायाधीश निगरानी पुलिस निष्पक्ष जांच कराने अनुरोध पुलिस ईश्वरप्पा ठेकेदार संतोष पाटिल कथित तौर आत्महत्या उकसाने मामला दर्ज शुक्रवार देर शाम मुख्यमंत्री बोम्मई इस्तीफा सौंपेंगे कर्नाटक अगले साल विधानसभा चुनाव कांग्रेस सत्तारूढ़ भाजपा हमले तेज दिये उसने नौ दलों पार्टी अनुसार तीन जिलों जाकर लोगों मौजूदा भाजपा सरकार प्रतिशत कमीशन अंधाधुंध भ्रष्टाचार संबंध जानकारी देगा पार्टी विधान सौध रातभर धरना उसने विधानसभा क्षेत्रों स्तर प्रदर्शन योजना ताकि जनता पता चले कर्नाटक भाजपा भ्रष्टाचार राजधानी बना कांग्रेस विजयनगर जिले होसपेट विरोध रैली आयोजित योजना बनाई जहां भाजपा राष्ट्रीय अध्यक्ष जे पी नड्डा उपस्थिति पार्टी प्रदेश कार्यसमिति बैठक कांग्रेस विधायक नेता सिद्धरमैया शिकायत स्पष्ट आरोप संतोष पाटिल मीडिया सामने बावजूद जानबूझकर भ्रष्टाचार निरोधक कानून प्राथमिकी दर्ज नहीं केवल उकसाने मामला दर्ज पूर्व मुख्यमंत्री संवाददाताओं राज्य सरकार पुलिस जानबूझकर उन्होंने मांग भ्रष्टाचार निरोधक अधिनियम मामला दर्ज जाए ईश्वरप्पा तत्काल गिरफ्तार जाए क्योंकि आरोप जघन्य अपराध उन्होंने मांग मृतक संतोष पाटिल परिजनों करोड़ रुपये मुआवजा परिजन सरकारी नौकरी दी जानी सिद्धरमैया आरोप लगाया ईश्वरप्पा बचाने मामले प्रयास उन्होंने मुख्यमंत्री बोम्मई मंत्री बेगुनाही प्रमाणपत्र दे निष्पक्ष जांच नहीं उन्होंने मांग उच्च न्यायालय सेवारत न्यायाधीश निगरानी पुलिस जांच कराई जानी प्रदेश कांग्रेस अध्यक्ष डी शिवकुमार सवाल उठाया ईश्वरप्पा भ्रष्टाचार निरोधक कानून प्रावधानों मामला नहीं दर्ज भाषा वैभव नरेश नरेश ‘भाषा’ न्यूज़ एजेंसी ‘ऑटोफीड’ ली कंटेट दिप्रिंट जिम्मेदार नहीं हैठेकेदार मौत मामले कांग्रेस ईश्वरप्पा मामला दर्ज मांग,politics
दिल्ली बिहार कांग्रेस अध्यक्ष मोहन झा शुक्रवार इस्तीफा दे खबरों मुताबिक झा दिल्ली पार्टी हाईकमान बैठक कांग्रेस राष्ट्रीय महासचिव केसी वेणुगोपाल लिखित इस्तीफा सौंप कथित तौर इस्तीफा स्वीकार कांग्रेस बिहार प्रभारी भक्त दास इस्तीफे पुष्टि दी समाचार एजेंसी मुताबिक मामले दास बयान जारी मोहन झा बिहार कांग्रेस अध्यक्ष उन्होंने इस्तीफा दे एमएलसी चुनाव परिणामों उन्होंने कांग्रेस बनाने समिति बनाने प्रक्रिया शुरू जल्द बनेगी कमेटी बिहार कांग्रेस अध्यक्ष मोहन झा इस्तीफा नेता माने दावेदार जानें,politics
अप्रैल उत्तर प्रदेश विधानसभा चुनाव हार सपा बगावत चिंगारी सुलग जसवंतनगर पार्टी विधायक प्रगतिशील समाजवादी पार्टी प्रमुख शिवपाल सिंह अखिलेश यादव तौर तरीकों नाराजगी जताई पार्टी मुस्लिम चेहरा माने रामपुर विधायक खान समर्थक खुली बगवात जगहों समर्थकों इस्तीफे खबरें आयीं जिसपर अखिलेश बोलने इंकार हालांकि राजनीतिक उठापटक ऐसी खबरें शिवपाल सम्पर्क शिवपाल खिचड़ी बताएगा आने दिनों सपा बगावत सुर तेज होंगे संभालना अखिलेश भारी पढ़ेंUP सपा लगेगा झटका मुलायम करीबी सांसद सुखराम थाम दामन योगी मुलाकात हालांकि आधिकारिक तौर खान खुलकर नहीं मीडिया प्रभारी बयान दे जिसके बारे बयानों परोक्ष रूप समर्थन खान आने दिनों शिवपाल सिंह यादव खान खान शिवपाल करीबी रिश्ता शिवपाल खान सीतापुर जेल जाकर मुलाकात चुके नजदीकीयां बढ़ना बात नहीं आने ग्राउंड दिखाई दे सपा महसूस नहीं विधानसभा चुनाव अखिलेश यादव आजमगढ़ लोकसभा सीट छोड़कर विधानसभा नेता प्रतिपक्ष इससे शिवपाल सिंह यादव सीट परोक्ष रूप दावा क्योंकि चुनाव अखिलेश यादव शिवपाल रिश्ते बेहतर खान समर्थक चाहते पार्टी खान नेता प्रतिपक्ष नियुक्त जाए क्योंकि बार मुसलमानों समाजवादी पार्टी वोट पार्टी मुस्लिम चेहरा कारण विपक्ष नेता नियुक्त जाना दूसरी शिवपाल आने फायदा क्योंकि बीजेपी शिवपाल जल्दी नहीं समाजवादी पार्टी अध्यक्ष अखिलेश महसूस नहीं क्योंकि पार्टी मुलायम सिंह यादव जमाने नहीं दोबारा जेल जाकर मिल शिवपाल चर्चा शिवपाल सिंह यादव जल्द मिलने सीतापुर जेल हालांकि शिवपाल मिल चुके चुनाव उन्होंने प्रदेश योगी आदित्यनाथ सरकार आरोप लगाया सरकार खान परेशान अखिलेश यादव खान सिर्फ बार मिले यूपी विधानसभा चुनाव खान करीब दर्जन सीटों दावा उन्होंने सूची पार्टी अध्यक्ष भेजी अखिलेश यादव खान बेटे अब्दुल्ला टिकट खान समर्थकों टिकट दिलाने नाकाम अखिलेश यादव नाराज शिवपाल नाराजगी दिखा शिवपाल नाराजगी दिख सपा हाल यूपी एमएलसी चुनाव बार सपा खाता नहीं खोल पाई सबसे बड़ी पार्टी नेताओं नाराजगी बताई समाजवादी पार्टी गढ़ इटावा हार बीजेपी इटावाफरुखाबाद सीट जीत हासिल सीट सपा सिर्फ वोट मिले क्योंकि सीटों शिवपाल यादव पकड़ नजरअंदाज नहीं बरेलीरामपुर सीट बीजेपी बड़ी जीत दर्ज वोट मिले सपा सिर्फ वोटों सिमट समझा खान एमएलसी चुनावों सक्रिय नहीं खामियाजा पार्टी भुगतना पड़ा oneindiacomशिवपाल खिचड़ी अखिलेश होगा सपा होगी बगावत,politics
मुंबई राष्ट्रवादी कांग्रेस पार्टी राकांपा प्रमुख पवार पिछले साल केंद्र पूर्व मनमोहन सिंह नेतृत्व वाली संयुक्त प्रगतिशील गठबंधन सप्रंग सरकार नरेंद्र मोदी एकमात्र वार्ताकार नरेंद्र मोदी गुजरात मुख्यमंत्री वही भूमिका निभा बार राजनीतिक पार्टी केंद्र मोदी नेतृत्व वाली एनडीए सरकार महाराष्ट्र उद्धव ठाकरे नेतृत्व वाली महा विकास अघाड़ी एमवीए सरकार संबंध अच्छे नहीं पार्टियों गहरी खाई पाटने कोशिशों पवार लगे रहते दिनों अकेले मध्यस्थ रूप उभरे जिनके पास प्रधान मंत्री बातचीत रास्ते हमेशा खुले जिसका एमवीए राजनीतिक लाभ इस्तेमाल सबसे ताजा उदाहरण राकांपा अध्यक्ष मोदी पिछले सप्ताह मिनट बैठक साल बुजुर्ग महाराष्ट्र राज्यपाल सिंह कोश्यारी एमएलसी नामित प्रस्ताव लटकाने प्रवर्तन निदेशालय ईडी शिवसेना राज्यसभा सांसद संजय राउत संपत्ति कुर्क जैसी चिंताओं उठाया राजनीति गहरी रखने वालों कहना बैठक महाराष्ट्र भाजपा नेतृत्व संदेश केंद्रीय एजेंसियों पूछताछ एमवीए नेताओं निशाना बना बातचीत लगातार तीखी आलोचनाओं शांत काम एनसीपी महाराष्ट्र चुनावों एमवीए सरकार हिस्से रूप शिवसेना कांग्रेस सत्ता साझा राजनीतिक समीक्षक हेमंत देसाई दिप्रिंट बताया महाराष्ट्र राजनीतिक स्थिति सत्ताधारी विपक्षी दलों संबंध बिगड़ पवार शायद महाराष्ट्र भाजपा नेताओं गंदे राजनीतिक संघर्ष समाप्त संकेत भेजना चाहते मोदी बातचीत जरिए संपर्क बने रहते उन्होंने मिलाकर देख भाजपा एमवीए विशेष रूप शिवसेना नेतृत्व घेरने कोशिशों लगी विभिन्न केंद्रीय एजेंसी जांच कोशिशों मुकाबला वो उठाते अंत फायदा मोदी आइएगा रिटायर राज्यसभा सांसदों पीएम मोदी अनुभवी साथियों कमी हमेशा खलेगी बातचीत खुले रास्ते बदलते चुनावी मौसम अनुसार मोदी पवार रिश्तों उतारचढ़ाव बने रहते गर्माहट कड़वाहट प्रशंसा अत्यधिक आलोचना बावजूद संवाद माध्यम हमेशा कायम महाराष्ट्र चुनावों भाजपा सबसे बड़ी पार्टी रूप बहुमत सरकार बनाने खींचातानी पवार एमवीए आना नहीं पाया राकांपा वरिष्ठ नेता पूर्व राज्यसभा सांसद माजिद मेमन दिप्रिंट बताया पवार मोदी नेता राकांपा भाजपा संबंधों आधार संबंधों नहीं मेमन राजनीति पार्टी जुड़े विचारधारा निश्चित रूप नहीं मोदी पवार राष्ट्रीय नेता मिल देश जुड़े विभिन्न मुद्दों चर्चा राजनीतिक रूप नहीं देखा जाना पवार साफ तौर एनसीपी भाजपा समर्थन संभावना इनकार नहीं बातचीत विशेष चैनल कारण जायज मोदी लोगों मिलने हमेशा उपलब्ध रहते मोदी राज्यसभा दिए भाषण पवार सकारात्मक राजनीति प्रशंसा पवार पीएम व्यक्ति बताया मेहनत कार्य तार्किक निष्कर्ष ले राकांपा प्रमुख दलों नेताओं अच्छे संबंधों चाहे राजनीतिक सहयोगी हों विरोधी शायद एकमात्र विपक्षी नेता मोदी बात पहुंचा एमवीए पवारमोदी संबंध शिवसेना राज्यसभा सांसद प्रियंका चतुर्वेदी दिप्रिंट बताया पवार साहब विपक्षी नेता रूप नहीं देखना संस्था प्रधानमंत्री बातचीत उन्होंने पार्टी पवार वरीयता दी अनुभव राजनीतिक कार्यकाल उन्होंने आने विपक्ष दृष्टिकोण सरकार सामने सके ऐसी शख्सियत हमेशा काम आती राजनीतिक अटकलों बावजूद पवार सरकार सामने बात रखते एमवीए पवार पता सी बात कहां कहनी सिस्टम रहते काम आक्रामक आलोचना शांत नाम बताने शर्त एनसीपी नेता दिप्रिंट बताया पवार कोविड महामारी निपटने गलवान घाटी चीन गतिरोध मुद्दों केंद्र आक्रामक आलोचना नहीं नेता राज्य आर्थिक हालत ठीक नहीं महाराष्ट्र सरकार चाहती केंद्र माल सेवा जीएसटी मुआवजे हिस्सा जारी करे सीएम उद्धव ठाकरे डिप्टी सीएम अजीत पवार आक्रामक रूप जोर दे पवार साल अप्रैल जून वीडियो कांफ्रेंसिंग जरिए बार मोदी बैठक बातचीत उन्होंने महामारी दूसरी गलवान घाटी गतिरोध चर्चा बार महाराष्ट्र लंबित जीएसटी बकाया मुद्दे उठाना पवार मोदी केंद्र फैसले आलोचना लिखा मुंबई टैग देने बजाय अंतर्राष्ट्रीय वित्तीय सेवा केंद्र गुजरात स्थानांतरित उन्होंने जोर देते बैंकिंग क्षेत्र सरकारी सिक्योरिटी मामले महाराष्ट्र आपार योगदान बावजूद उठाया अनावश्यक वर्ष अक्टूबर लॉकडाउन महाराष्ट्र पूजा स्थलों विशेष रूप मंदिरों खोलने एमवीए राज्यपाल कोश्यारी छिड़े छद्म युद्ध पवार मुद्दे मोदी पास ले पत्र उन्होंने सीएम ठाकरे लिखे कोश्यारी पत्र कड़ी आपत्ति जताई शिवसेना अध्यक्ष हिंदुत्व साख सवाल उठाया उनसे पूछा धर्मनिरपेक्ष एमवीए पवार पहली बार जुलाई मोदी व्यक्तिगत रूप मुलाकात पीएम मुलाकात मिनट चली बातचीत चिंता केंद्र सरकार अमित शाह नेतृत्व वाला सहकारिता मंत्रालय महाराष्ट्र सहकारी क्षेत्र युद्ध क्षेत्र देगा भाजपा दूसरी एनसीपी कांग्रेस महाराष्ट्र सियासी समीकरण पवार मोदी मिले दिन गडकरी मुलाकात दोस्त दुश्मन पवार बारे बताया पूर्व यूपीए सरकार एकमात्र केंद्रीय मंत्री मोदी बातचीत उन्होंने राज्य सरकार अनुरोध बार गुजरात दौरा मोदी मनमोहन सिंह नेतृत्व वाली सरकार कड़े आलोचक पवार विधानसभा चुनावों महाराष्ट्र सरकार बनाने भाजपा बाहरी समर्थन पेशकश करके राजनीतिकहलकों मचा दी आश्चर्य डाल साल शिवसेना मुखपत्र सामना दिए इंटरव्यू पवार मुख्य रूप शिवसेना भाजपा रखने राकांपा भाजपा करीब लाने मोदी भौंहें चढ़ा दीं उन्होंने महाराष्ट्र बारामती राकांपा प्रचार लोगों पवार शासन मुक्त बमुश्किल चार महीने उन्होंने विधानसभा चुनावों कड़वाहट पीछे छोड़ एनसीपी प्रमुख गृह मैदान सब्जियों उत्कृष्टता केंद्र उद्घाटन मंच साझा उन्होंने अनुभव भंडार रूप पवार प्रशंसा सलाह राकांपा प्रमुख संपर्क रहना जिम्मेदारी अगले साल राजनीति साल पवार बधाई देते मोदी राजनीति शुरुआती दिनों राकांपा प्रमुख हाथ पकड़ा लोकसभा महाराष्ट्र विधानसभा चुनावों बार आमनेसामने नेता पार्टियों प्रतिद्वंद्वी प्रचारक लोकसभा चुनाव पुणे जिले दौंड चुनावी रैली पवार मोदी बनाने दोबारा हाथ नहीं पकड़ने देंगे साल अंत महाराष्ट्र विधानसभा चुनाव त्रिशंकु जनादेश सरकार बनाने कोशिश गठबंधन हाथापाई मोदी पवार दरवाजों पीछे चले माना राज्य किसानों संकट चर्चा मिले दिन महाराष्ट्र एमवीए सरकार ले ली पत्थरबाजों स्वागत बुलडोजर होगा खरगोन दंगे मध्य प्रदेश सरकार कार्रवाई बचावमोदी दोस्त दुश्मन पवार केंद्र एमवीए मध्यस्थ रूप उभरे,politics
सीएम धामी दिल्ली दौरा कैंसिल अप्रैल कांग्रेस विधानमंडल बैठक नाराज कांग्रेसी नेताओं मीटिंग तस्वीर सामने बताई लोहारी गांव विस्थापन सच्चाई यूपी रोडवेज दादागिरी बिना टैक्स दिए उत्तराखंड दौड़ा बसें पढ़िए शाम बजे बड़ी सीएम धामी दिल्ली दौरा कैंसिल बोले उत्तराखंड नहीं होगी बिजली कमी मुख्यमंत्री पुष्कर सिंह धामी अप्रैल शाम दिल्ली दिल्ली दौरा अचानक रद्द सीएम धामी दिल्ली पार्टी प्रदेश अध्यक्ष चर्चा संभावना पुष्कर सिंह धामी मुख्यमंत्री बनने प्रदेश अध्यक्ष चर्चाएं तेज सीएम धामी देश पावर शॉर्टेज चर्चा उत्तराखंड नहीं पड़ेगा राहुल पप्पू सोनिया बबली कहने भड़की महिला कांग्रेस कैबिनेट मंत्री गणेश जोशी आवास घेरेंगी कैबिनेट मंत्री गणेश जोशी दिये बयान कांग्रेस हमलावर सोनिया गांधी बबली राहुल गांधी पप्पू कहे नाराज कांग्रेस कार्यकर्ता गणेश जोशी आवास घेराव करेंगे अप्रैल कांग्रेस विधानमंडल बैठक बीजेपी संगठनात्मक बदलाव सुगबुगाहट अगले दोतीन दिन उत्तराखंड राजनीति घटनाओं भरे उत्तराखंड कांग्रेस अप्रैल विधानमंडल बैठक बुलाई बीजेपी तमाम नेता दिल्ली पहुंचे ऐसी चर्चा बीजेपी प्रदेश अध्यक्ष फैसला ले नाराज कांग्रेसी नेताओं मीटिंग तस्वीर सामने पार्टी नहीं थमा घमासान कांग्रेस प्रदेश अध्यक्ष नेता प्रतिपक्ष नामों घोषणा पार्टी नेताओं हाईकमान फैसले नाराजगी देखने मिल तस्वीर सामने तस्वीर पूर्व नेता प्रतिपक्ष प्रीतम सिंह विधायक विक्रम नेगी बिष्ट उपनेता प्रतिपक्ष भुवन कापड़ी पूर्व विधायक राजकुमार पूर्व विधायक विजयपाल सजवाण मंत्रणा दिखाई दे व्यासी जलविद्युत परियोजना बताई लोहारी गांव विस्थापन सच्चाई व्यासी विद्युत परियोजना डूब क्षेत्र लोहारी गांव विस्थापन प्रक्रिया पूरी दी ग्रामीणों दे लोग रहने व्यवस्था नहीं पाए यूजेवीएनएल प्लान खेड़ा हाउसिंग कॉलोनी रहने व्यवस्था नैनीताल बीडी पांडे अस्पताल सीटी स्कैन सुविधा शुरू साल राज्य मिलेंगे डॉक्टर नैनीताल वासियों खुशखबरी मरीजों सिटी स्कैन करवाने हल्द्वानी समेत अस्पातलों रुख नहीं पड़ेगा जी हां नैनीताल बीडी पांडे अस्पताल सीटी स्कैन सुविधा मिल पहला सिटी स्कैन अस्पताल भर्ती मरीज पनी राम उत्तराखंड पटरी लौटे पर्यटन स्पीड ब्रेक लगाती वनाग्नि सरकार रहना होगा सचेत पिछले सालों प्रदेश कोरोना कारण चारधाम समेत दूसरी गतिविधियां ना बराबर साल फुल फ्लैश चारधाम यात्रा होगी लाखों पर्यटक उत्तराखंड पहुंचेंगे उत्तराखंड सरकार लगने घटनाएं हों फोकस होगा नहीं इससे बड़ा नुकसान यूपी रोडवेज दादागिरी बिना टैक्स दिए उत्तराखंड दौड़ा बसें यूपी रोडवेज उत्तराखंड फुल दादागिरी उत्तर प्रदेश रोडवेज बसें बिना टैक्स भरे उत्तराखंड फर्राटे दौड़ चलते उत्तराखंड परिवहन विभाग प्रतिमाह करोड़ों राजस्व घाटा विधानसभा अध्यक्ष ऋतु खंडूड़ी पीएम मोदी मुलाकात भेंट खूबसूरत मंदिर काष्ठकला उत्तराखंड विधानसभा अध्यक्ष ऋतु खंडूड़ी दिल्ली दौरे ऋतु खंडूड़ी भूषण प्रधानमंत्री नरेंद्र मोदी शिष्टाचार मुलाकात उन्होंने पीएम मोदी खूबसूरत मंदिर काष्ठकला भेंट महत्वपूर्ण मुद्दों चर्चा वीकेंड नैनीताल पढ़ लें वरना झेलनी पड़ेगी परेशानी वीकेंड नैनीताल प्लान उससे जरूर पढ़ लें क्योंकि नैनीताल होटलों बुकिंग फुल चुकी नैनीताल गाड़ियों पार्किंग नहीं बची नैनीताल पर्यटकों गाड़ियों तभी एंट्री दी जाएगी होटल बुकिंग कन्फर्म होगीउत्तराखंड बड़ी खबरें,politics
चिराग पासवान चचेरे भाई समस्तीपुर सांसद प्रिंस पासवान इशारोंइशारों एलजेपी सुप्रीमो निशाना साधा चुनाव आएगा सबका पैर छुएंगे लोक जनशक्ति पार्टी रामविलास पटना गांधी मैदान स्थित बापू सभागार बाबा साहेब जयंती मनाई कार्यक्रम चिराग पासवान चाचा हमारे पूज्य हमसे पैर छूता हूं विचार नहीं मिलते प्रिस पासवान चिराग चुटकी ली बिना नाम बात मतभेद रखते प्रिंस लिखकर देता हूं जैसेजैसे चुनाव नजदीक आएगा सबका पैर छुएंगे लोग प्रोपगंडा उड़ा वीडियो वायरल हाजीपुर जनता जवाब जीत हासिल प्रिंस पासवान समाज बात करेगा नेता माना जाएगा मतभेद नहीं मुख्यमंत्री बनेंगे चिराग चाचा चाचा रहेंगे इससे चिराग पासवान स्थानीय मीडिया इंटरव्यू जिनकी गोद खेलाबढ़ा भूल हूं कार्यशैली भले विवाद पर्सनल रिलेशन प्रोफेशनल रिलेशन हावी नहीं देता हमेशा चाचा रहेंगे चिराग पासवान नीतीश कुमार बारे उम्र अनुभव उनसे सम्मान मिलेंगे पैर छुएंगे चिराग उनसे मेरी शिकायत इतने अनुभवी योग्य बावजूद बिहार विकसित नहीं नीतीश बिहार जाना जरूरी चिराग पासवान नीतिश कुमार निशाना साधा उपराष्ट्रपति राष्ट्रपति बनें बिहार बख्श दें बिहार जाना जरूरी चिराग पासवान बिहार सात निश्चय विकास नहीं नली गली बनाना राज्य विकास नींव नहीं जाना पिछले साल आपने क्याBihar समस्तीपुर सांसद प्रिंस पासवान चिराग तंज चुनाव आने सबके छुएंगे पैर,politics
बीजेपी बागी सच्चिदानंद राय जदयू नेता संपर्क उन्होंने फेसबुक सिंह फोटो शेयर बताया पास तमाम विकल्प खुले पढ़ें रिपोर्ट पटना सारण एमएलसी सच्चिदानंद राय जदयू संपर्क जदयू भाजपा बागी नेताओं विधान परिषद चुनाव भाजपा बगावत सच्चिदानंद राय चुनाव लड़ा जीत हासिल विधान परिषद चुनाव नवनिर्वाचित विधान पार्षद सच्चिदानंद राय बेटिकट पड़ा भाजपा स्थानीय निकाय छपरा सच्चिदानंद राय टिकट काट नाराज सच्चिदानंद राय बगावत चुनाव लड़ने फैसला सच्चिदानंद राय चुनाव जीतने कामयाब भाजपा सच्चिदानंद राय साल निष्कासित पढ़ें लड़ेंगे महाराजगंज लोकसभा चुनाव सांसद सिग्रीवाल गंदी राजनीति होगा अंत सच्चिदानंद राय सच्चिदानंद राय जदयू राष्ट्रीय अध्यक्ष सिंह मुलाकात फोटो सार्वजनिक स्पष्ट सच्चिदानंद राय संकेत दे तमाम विकल्प खुले सच्चिदानंद राय फेसबुक पोस्ट जरिए जनता यूनाइटेड राष्ट्रीय महासचिव हर्षवर्धन जी राष्ट्रीय अध्यक्ष आदरणीय सिंह जी शिष्टाचार मुलाकात क्षेत्र विकास भविष्य बारे उनसे बातचीत स्नेह आशीर्वाद हमें मिला भविष्य सदा मिलता रहेगा बगावत सच्चिदानंद राय लड़ा चुनाव बार बीजेपी टिकट देकर उम्मीदवार धर्मेंद्र कुमार सिंह उम्मीदवार बनाया बीजेपी बगावत वो निर्दलीय प्रत्याशी रूप चुनाव मैदान उतरे उन्होंने चुनाव प्रथम वरीयता प्राप्त जीत दर्ज मुकाबले आरजेडी उम्मीदवार सुधांशु रंजन तीसरे नंबर बीजेपी उम्मीदवार धर्मेन्द्र कुमार सिंह चौथे नंबर निर्दलीय प्रत्याशी संजय कुमार सिंह पांचवे नंबर कांग्रेस उम्मीदवार सुशांत कुमार सिंह पढ़ें निर्दलीय जीते विधान पार्षदों डोरे डालने खेल शुरू अंकगणित मजबूत जुटी पार्टियांBJP बागी सिंह मिले नवनिर्वाचित सारण सच्चिदानंद राय,politics
दिल्लीटीम डिजिटल सांसद पूर्व प्रदेश भाजपा अध्यक्ष मनोज तिवारी शुक्रवार जनसंवाद नवीन शाहदरा पहली बार मतदाता बने वर्ष आयु युवाओं साफतौर जनता समस्याओं कराना भाजपा प्राथमिकता उन्होंने मतदाताओं स्वागत उत्तर पूर्वी संसदीय क्षेत्र मौजपुर सहित इलाकों कार्यक्रम आदित्य ठाकरे राज पलटवार बोले महंगाई चर्चा लाउडस्पीकर इस्तेमाल तिवारी केजरीवाल सरकार दिल्ली छात्रछात्राओं केवल घोषणाएं नहीं चाहें डॉ अंबेडकर फेलोशिप योजना प्रतिभा विकास योजना शिक्षा कौशल विकास लोन गारंटी योजना स्नातक कोर्स फीस माफी योजना योजना लाभ छात्रछात्राओं नहीं मिला उन्होंने कोरोना महामारी मोदी सरकार भारतीयों मुफ्त राशन पहुंचे व्यक्ति हिसाब किलो राशन केजरीवाल सरकार उपलब्धि बताई तिवारी मोदी सरकार युवाओं विभिन्न योजनाओं छात्रवृत्ति योजना छात्रों लागू मोदी देश युवाओं आईकॉन उन्होंने प्रधानमंत्री नरेंद्र मोदी देश युवाओं आईकॉन प्रेरणा युवा भारतवर्ष ऊंचाइयों ले उन्होंने अनुसूचित जाति जनजाति छात्रों आरंभ योजनाओं मोदी सरकार जनहित जुड़ी योजनाओं जिक्र जिलाध्यक्ष मास्टर विनोद जिला उपाध्यक्ष मीडिया विभाग जिला प्रभारी ताराचंद्र उपाध्याय आशीष तिवारी युवा मोर्चा जिला अध्यक्ष आशीष पुनिया नीलम नेगी भगवती देवी शामिल रहेजनता समस्याओं कराना हमारी प्राथमिकता मनोज तिवारी,politics
पिछडा आरक्षण समाप्त पांच सीटों होगी कांटे टक्कर जागरण संवाददाता बोकारो पिछ़ड़ा आरक्षण समाप्ति जिले जिला परिषद सीटों महिला प्रत्याशी होगीपिछडा आरक्षण समाप्त पांच सीटों होगी कांटे टक्कर,politics
दिल्ली अनामिका सिंह पीएम संग्रहालय देखकर व्यक्तिगत रूप काफी गौरवान्वित महसूस हूं प्रधानमंत्री नरेंद्र मोदी आभारी हूं उन्होंने विचारधारा भूतपूर्व प्रधानमंत्रियों विचारधाराओं मंच प्रदान उक्त बातें पूर्व प्रधानमंत्री चंद्रशेखर पुत्र राज्यसभा सांसद नीरज शेखर नवोदय टाइम्स बातचीत कहीं किलोमीटर यात्रा पिता जी महीने नीरज शेखर नीरज पिता भारत यात्रा किलोमीटर यात्रा महीने वो रोजाना किलोमीटर पैदल चला वो किन परिस्थितियों प्रधानमंत्री बने देश आर्थिक स्थिति कैसी बेहद खूबसूरत तरीके संग्रहालय दर्शाया युवा तुर्क कहे बेबाक प्रधानमंत्रियों शामिल चंद्रशेखर जेल रहते डायरी लिखी मेरी जेल डायरी प्रदर्शित प्रमुख भाषणों चित्रों राजनीतिक व्यक्तिगत जीवन प्रकाश डाला जल्द दूंगा उनसे जुड़ी वस्तुएं पिताजी जुड़ी वस्तुएं मेरे पास जोकि हाल मुझे मिली पेन चश्मा डायरी संग्रहालय संग्रहित दूंगा पिताजी जुड़े लोगों कहना चाहता हूं पास पिताजी वस्तु मुझे जरूर संपर्क छोटी बेटी नहीं देखे दादाजी नीरज शेखर बताया छोटी बेटी पैदा वो दादा जी देख नहीं पाई पीएम संग्रहालय माध्यम भारत राजनीति दादा योगदान देखकर वो भावुक उसमें दादा जी जानने पैदा हैअलगअलग विचारधाराओं पीएम मिला मंच नीरज शेखर,politics
प्रधानमंत्री नरेंद्र मोदी शनिवार हनुमान जयंती गुजरात मोरबी भगवान हनुमान फीट ऊंची मूर्ति अनावरण करेंगे प्रधानमंत्री कार्यालय पीएमओ शुक्रवार आधिकारिक तौर बयान जानकारी दी पीएमओ पीएमओ मुताबिक भगवान हनुमान संबंधित चार धाम परियोजना देश चारों दिशाओं हनुमान मूर्ति स्थापित जानी कड़ी हनुमान दूसरी मूर्ति होगी पश्चिम दिशा होगी स्थापना मोरबी बापू केशवानंद आश्रम श्रृंखला पहली मूर्ति वर्ष उत्तर दिशा यानी शिमला स्थापित पीएमओ दक्षिण दिशा मूर्ति रामेश्वरम स्थापित जानी काम आरंभ हैगुजरात मोरबी लगेगी भगवान हनुमान फीट ऊंची मूर्ति मोदी शनिवार करेंगे अनावरण,politics
बिहार पूर्व मुख्यमंत्री जीतन राम मांझी जुमई शुक्रवार सभा संबोधित राम भगवान नहीं तुलसीदासवाल्मीकि बातों कहने चरित्र तैयार उन्होंने चरित्र काव्य महाकाव्य बनाया सारी अच्छी बातें बताई सम्मान तुलसीदासवाल्मीकि सम्मान हूं राम नहीं राम नहीं मानते जीतन राम मांझी बयान आया देशभर स्थानों रामनवी शोभायात्रा हिंसा पथराव घटना राम लोग मरने मारने उतारू दूसरी अयोध्या भव्य राम मंदिर निर्माण राम भगवान नहीं तुलसीदासवाल्मीकि चरित्र तैयार जीतन राम मांझी कही बात,politics
विस्तार गुजरात जैसेजैसे विधानसभा चुनाव नजदीक आते वहां कांग्रेस राजनीतिक घमासान तेज महीने पांच राज्यों विधानसभा चुनावों गुजरात बार चुनावों नेताओं तकरार शुरू हैकांग्रेस ठीक नहीं गुजरात पंजाब उत्तराखंड रीटेक चुनाव लड़ने अपनों लड़ाई,politics
